date,CPI
7/24/2008,100
7/25/2008,100
7/26/2008,100
7/27/2008,100
7/28/2008,100
7/29/2008,100
7/30/2008,100
7/31/2008,100
8/1/2008,100.5251
8/2/2008,100.5251
8/3/2008,100.5251
8/4/2008,100.5251
8/5/2008,100.5251
8/6/2008,100.5251
8/7/2008,100.5251
8/8/2008,100.5251
8/9/2008,100.5251
8/10/2008,100.5251
8/11/2008,100.5251
8/12/2008,100.5251
8/13/2008,100.5251
8/14/2008,100.5251
8/15/2008,100.5251
8/16/2008,100.5251
8/17/2008,100.5251
8/18/2008,100.5251
8/19/2008,100.5251
8/20/2008,100.5251
8/21/2008,100.5251
8/22/2008,100.5251
8/23/2008,100.5251
8/24/2008,100.5251
8/25/2008,100.5251
8/26/2008,100.5251
8/27/2008,100.5251
8/28/2008,100.5251
8/29/2008,100.5251
8/30/2008,100.5251
8/31/2008,100.5251
9/1/2008,100.1238
9/2/2008,100.1238
9/3/2008,100.1238
9/4/2008,100.1238
9/5/2008,100.1238
9/6/2008,100.1238
9/7/2008,100.1238
9/8/2008,100.1238
9/9/2008,100.1238
9/10/2008,100.1238
9/11/2008,100.1238
9/12/2008,100.1238
9/13/2008,100.1238
9/14/2008,100.1238
9/15/2008,100.1238
9/16/2008,100.1238
9/17/2008,100.1238
9/18/2008,100.1238
9/19/2008,100.1238
9/20/2008,100.1238
9/21/2008,100.1238
9/22/2008,100.1238
9/23/2008,100.1238
9/24/2008,100.1238
9/25/2008,100.1238
9/26/2008,100.1238
9/27/2008,100.1238
9/28/2008,100.1238
9/29/2008,100.1238
9/30/2008,100.1238
10/1/2008,99.98538
10/2/2008,99.98538
10/3/2008,99.98538
10/4/2008,99.98538
10/5/2008,99.98538
10/6/2008,99.98538
10/7/2008,99.98538
10/8/2008,99.98538
10/9/2008,99.98538
10/10/2008,99.98538
10/11/2008,99.98538
10/12/2008,99.98538
10/13/2008,99.98538
10/14/2008,99.98538
10/15/2008,99.98538
10/16/2008,99.98538
10/17/2008,99.98538
10/18/2008,99.98538
10/19/2008,99.98538
10/20/2008,99.98538
10/21/2008,99.98538
10/22/2008,99.98538
10/23/2008,99.98538
10/24/2008,99.98538
10/25/2008,99.98538
10/26/2008,99.98538
10/27/2008,99.98538
10/28/2008,99.98538
10/29/2008,99.98538
10/30/2008,99.98538
10/31/2008,99.98538
11/1/2008,98.97539
11/2/2008,98.97539
11/3/2008,98.97539
11/4/2008,98.97539
11/5/2008,98.97539
11/6/2008,98.97539
11/7/2008,98.97539
11/8/2008,98.97539
11/9/2008,98.97539
11/10/2008,98.97539
11/11/2008,98.97539
11/12/2008,98.97539
11/13/2008,98.97539
11/14/2008,98.97539
11/15/2008,98.97539
11/16/2008,98.97539
11/17/2008,98.97539
11/18/2008,98.97539
11/19/2008,98.97539
11/20/2008,98.97539
11/21/2008,98.97539
11/22/2008,98.97539
11/23/2008,98.97539
11/24/2008,98.97539
11/25/2008,98.97539
11/26/2008,98.97539
11/27/2008,98.97539
11/28/2008,98.97539
11/29/2008,98.97539
11/30/2008,98.97539
12/1/2008,97.07973
12/2/2008,97.07973
12/3/2008,97.07973
12/4/2008,97.07973
12/5/2008,97.07973
12/6/2008,97.07973
12/7/2008,97.07973
12/8/2008,97.07973
12/9/2008,97.07973
12/10/2008,97.07973
12/11/2008,97.07973
12/12/2008,97.07973
12/13/2008,97.07973
12/14/2008,97.07973
12/15/2008,97.07973
12/16/2008,97.07973
12/17/2008,97.07973
12/18/2008,97.07973
12/19/2008,97.07973
12/20/2008,97.07973
12/21/2008,97.07973
12/22/2008,97.07973
12/23/2008,97.07973
12/24/2008,97.07973
12/25/2008,97.07973
12/26/2008,97.07973
12/27/2008,97.07973
12/28/2008,97.07973
12/29/2008,97.07973
12/30/2008,97.07973
12/31/2008,97.07973
1/1/2009,96.07569
1/2/2009,96.07569
1/3/2009,96.07569
1/4/2009,96.07569
1/5/2009,96.07569
1/6/2009,96.07569
1/7/2009,96.07569
1/8/2009,96.07569
1/9/2009,96.07569
1/10/2009,96.07569
1/11/2009,96.07569
1/12/2009,96.07569
1/13/2009,96.07569
1/14/2009,96.07569
1/15/2009,96.07569
1/16/2009,96.07569
1/17/2009,96.07569
1/18/2009,96.07569
1/19/2009,96.07569
1/20/2009,96.07569
1/21/2009,96.07569
1/22/2009,96.07569
1/23/2009,96.07569
1/24/2009,96.07569
1/25/2009,96.07569
1/26/2009,96.07569
1/27/2009,96.07569
1/28/2009,96.07569
1/29/2009,96.07569
1/30/2009,96.07569
1/31/2009,96.07569
2/1/2009,96.49385
2/2/2009,96.49385
2/3/2009,96.49385
2/4/2009,96.49385
2/5/2009,96.49385
2/6/2009,96.49385
2/7/2009,96.49385
2/8/2009,96.49385
2/9/2009,96.49385
2/10/2009,96.49385
2/11/2009,96.49385
2/12/2009,96.49385
2/13/2009,96.49385
2/14/2009,96.49385
2/15/2009,96.49385
2/16/2009,96.49385
2/17/2009,96.49385
2/18/2009,96.49385
2/19/2009,96.49385
2/20/2009,96.49385
2/21/2009,96.49385
2/22/2009,96.49385
2/23/2009,96.49385
2/24/2009,96.49385
2/25/2009,96.49385
2/26/2009,96.49385
2/27/2009,96.49385
2/28/2009,96.49385
3/1/2009,96.97369
3/2/2009,96.97369
3/3/2009,96.97369
3/4/2009,96.97369
3/5/2009,96.97369
3/6/2009,96.97369
3/7/2009,96.97369
3/8/2009,96.97369
3/9/2009,96.97369
3/10/2009,96.97369
3/11/2009,96.97369
3/12/2009,96.97369
3/13/2009,96.97369
3/14/2009,96.97369
3/15/2009,96.97369
3/16/2009,96.97369
3/17/2009,96.97369
3/18/2009,96.97369
3/19/2009,96.97369
3/20/2009,96.97369
3/21/2009,96.97369
3/22/2009,96.97369
3/23/2009,96.97369
3/24/2009,96.97369
3/25/2009,96.97369
3/26/2009,96.97369
3/27/2009,96.97369
3/28/2009,96.97369
3/29/2009,96.97369
3/30/2009,96.97369
3/31/2009,96.97369
4/1/2009,97.20951
4/2/2009,97.20951
4/3/2009,97.20951
4/4/2009,97.20951
4/5/2009,97.20951
4/6/2009,97.20951
4/7/2009,97.20951
4/8/2009,97.20951
4/9/2009,97.20951
4/10/2009,97.20951
4/11/2009,97.20951
4/12/2009,97.20951
4/13/2009,97.20951
4/14/2009,97.20951
4/15/2009,97.20951
4/16/2009,97.20951
4/17/2009,97.20951
4/18/2009,97.20951
4/19/2009,97.20951
4/20/2009,97.20951
4/21/2009,97.20951
4/22/2009,97.20951
4/23/2009,97.20951
4/24/2009,97.20951
4/25/2009,97.20951
4/26/2009,97.20951
4/27/2009,97.20951
4/28/2009,97.20951
4/29/2009,97.20951
4/30/2009,97.20951
5/1/2009,97.45218
5/2/2009,97.45218
5/3/2009,97.45218
5/4/2009,97.45218
5/5/2009,97.45218
5/6/2009,97.45218
5/7/2009,97.45218
5/8/2009,97.45218
5/9/2009,97.45218
5/10/2009,97.45218
5/11/2009,97.45218
5/12/2009,97.45218
5/13/2009,97.45218
5/14/2009,97.45218
5/15/2009,97.45218
5/16/2009,97.45218
5/17/2009,97.45218
5/18/2009,97.45218
5/19/2009,97.45218
5/20/2009,97.45218
5/21/2009,97.45218
5/22/2009,97.45218
5/23/2009,97.45218
5/24/2009,97.45218
5/25/2009,97.45218
5/26/2009,97.45218
5/27/2009,97.45218
5/28/2009,97.45218
5/29/2009,97.45218
5/30/2009,97.45218
5/31/2009,97.45218
6/1/2009,97.7337
6/2/2009,97.7337
6/3/2009,97.7337
6/4/2009,97.7337
6/5/2009,97.7337
6/6/2009,97.7337
6/7/2009,97.7337
6/8/2009,97.7337
6/9/2009,97.7337
6/10/2009,97.7337
6/11/2009,97.7337
6/12/2009,97.7337
6/13/2009,97.7337
6/14/2009,97.7337
6/15/2009,97.7337
6/16/2009,97.7337
6/17/2009,97.7337
6/18/2009,97.7337
6/19/2009,97.7337
6/20/2009,97.7337
6/21/2009,97.7337
6/22/2009,97.7337
6/23/2009,97.7337
6/24/2009,97.7337
6/25/2009,97.7337
6/26/2009,97.7337
6/27/2009,97.7337
6/28/2009,97.7337
6/29/2009,97.7337
6/30/2009,97.7337
7/1/2009,98.57322
7/2/2009,98.57322
7/3/2009,98.57322
7/4/2009,98.57322
7/5/2009,98.57322
7/6/2009,98.57322
7/7/2009,98.57322
7/8/2009,98.57322
7/9/2009,98.57322
7/10/2009,98.57322
7/11/2009,98.57322
7/12/2009,98.57322
7/13/2009,98.57322
7/14/2009,98.57322
7/15/2009,98.57322
7/16/2009,98.57322
7/17/2009,98.57322
7/18/2009,98.57322
7/19/2009,98.57322
7/20/2009,98.57322
7/21/2009,98.57322
7/22/2009,98.57322
7/23/2009,98.57322
7/24/2009,98.57322
7/25/2009,98.57322
7/26/2009,98.57322
7/27/2009,98.57322
7/28/2009,98.57322
7/29/2009,98.57322
7/30/2009,98.57322
7/31/2009,98.57322
8/1/2009,98.41692
8/2/2009,98.41692
8/3/2009,98.41692
8/4/2009,98.41692
8/5/2009,98.41692
8/6/2009,98.41692
8/7/2009,98.41692
8/8/2009,98.41692
8/9/2009,98.41692
8/10/2009,98.41692
8/11/2009,98.41692
8/12/2009,98.41692
8/13/2009,98.41692
8/14/2009,98.41692
8/15/2009,98.41692
8/16/2009,98.41692
8/17/2009,98.41692
8/18/2009,98.41692
8/19/2009,98.41692
8/20/2009,98.41692
8/21/2009,98.41692
8/22/2009,98.41692
8/23/2009,98.41692
8/24/2009,98.41692
8/25/2009,98.41692
8/26/2009,98.41692
8/27/2009,98.41692
8/28/2009,98.41692
8/29/2009,98.41692
8/30/2009,98.41692
8/31/2009,98.41692
9/1/2009,98.63766
9/2/2009,98.63766
9/3/2009,98.63766
9/4/2009,98.63766
9/5/2009,98.63766
9/6/2009,98.63766
9/7/2009,98.63766
9/8/2009,98.63766
9/9/2009,98.63766
9/10/2009,98.63766
9/11/2009,98.63766
9/12/2009,98.63766
9/13/2009,98.63766
9/14/2009,98.63766
9/15/2009,98.63766
9/16/2009,98.63766
9/17/2009,98.63766
9/18/2009,98.63766
9/19/2009,98.63766
9/20/2009,98.63766
9/21/2009,98.63766
9/22/2009,98.63766
9/23/2009,98.63766
9/24/2009,98.63766
9/25/2009,98.63766
9/26/2009,98.63766
9/27/2009,98.63766
9/28/2009,98.63766
9/29/2009,98.63766
9/30/2009,98.63766
10/1/2009,98.69936
10/2/2009,98.69936
10/3/2009,98.69936
10/4/2009,98.69936
10/5/2009,98.69936
10/6/2009,98.69936
10/7/2009,98.69936
10/8/2009,98.69936
10/9/2009,98.69936
10/10/2009,98.69936
10/11/2009,98.69936
10/12/2009,98.69936
10/13/2009,98.69936
10/14/2009,98.69936
10/15/2009,98.69936
10/16/2009,98.69936
10/17/2009,98.69936
10/18/2009,98.69936
10/19/2009,98.69936
10/20/2009,98.69936
10/21/2009,98.69936
10/22/2009,98.69936
10/23/2009,98.69936
10/24/2009,98.69936
10/25/2009,98.69936
10/26/2009,98.69936
10/27/2009,98.69936
10/28/2009,98.69936
10/29/2009,98.69936
10/30/2009,98.69936
10/31/2009,98.69936
11/1/2009,98.79442
11/2/2009,98.79442
11/3/2009,98.79442
11/4/2009,98.79442
11/5/2009,98.79442
11/6/2009,98.79442
11/7/2009,98.79442
11/8/2009,98.79442
11/9/2009,98.79442
11/10/2009,98.79442
11/11/2009,98.79442
11/12/2009,98.79442
11/13/2009,98.79442
11/14/2009,98.79442
11/15/2009,98.79442
11/16/2009,98.79442
11/17/2009,98.79442
11/18/2009,98.79442
11/19/2009,98.79442
11/20/2009,98.79442
11/21/2009,98.79442
11/22/2009,98.79442
11/23/2009,98.79442
11/24/2009,98.79442
11/25/2009,98.79442
11/26/2009,98.79442
11/27/2009,98.79442
11/28/2009,98.79442
11/29/2009,98.79442
11/30/2009,98.79442
12/1/2009,98.86433
12/2/2009,98.86433
12/3/2009,98.86433
12/4/2009,98.86433
12/5/2009,98.86433
12/6/2009,98.86433
12/7/2009,98.86433
12/8/2009,98.86433
12/9/2009,98.86433
12/10/2009,98.86433
12/11/2009,98.86433
12/12/2009,98.86433
12/13/2009,98.86433
12/14/2009,98.86433
12/15/2009,98.86433
12/16/2009,98.86433
12/17/2009,98.86433
12/18/2009,98.86433
12/19/2009,98.86433
12/20/2009,98.86433
12/21/2009,98.86433
12/22/2009,98.86433
12/23/2009,98.86433
12/24/2009,98.86433
12/25/2009,98.86433
12/26/2009,98.86433
12/27/2009,98.86433
12/28/2009,98.86433
12/29/2009,98.86433
12/30/2009,98.86433
12/31/2009,98.86433
1/1/2010,98.69022
1/2/2010,98.69022
1/3/2010,98.69022
1/4/2010,98.69022
1/5/2010,98.69022
1/6/2010,98.69022
1/7/2010,98.69022
1/8/2010,98.69022
1/9/2010,98.69022
1/10/2010,98.69022
1/11/2010,98.69022
1/12/2010,98.69022
1/13/2010,98.69022
1/14/2010,98.69022
1/15/2010,98.69022
1/16/2010,98.69022
1/17/2010,98.69022
1/18/2010,98.69022
1/19/2010,98.69022
1/20/2010,98.69022
1/21/2010,98.69022
1/22/2010,98.69022
1/23/2010,98.69022
1/24/2010,98.69022
1/25/2010,98.69022
1/26/2010,98.69022
1/27/2010,98.69022
1/28/2010,98.69022
1/29/2010,98.69022
1/30/2010,98.69022
1/31/2010,98.69022
2/1/2010,99.02749
2/2/2010,99.02749
2/3/2010,99.02749
2/4/2010,99.02749
2/5/2010,99.02749
2/6/2010,99.02749
2/7/2010,99.02749
2/8/2010,99.02749
2/9/2010,99.02749
2/10/2010,99.02749
2/11/2010,99.02749
2/12/2010,99.02749
2/13/2010,99.02749
2/14/2010,99.02749
2/15/2010,99.02749
2/16/2010,99.02749
2/17/2010,99.02749
2/18/2010,99.02749
2/19/2010,99.02749
2/20/2010,99.02749
2/21/2010,99.02749
2/22/2010,99.02749
2/23/2010,99.02749
2/24/2010,99.02749
2/25/2010,99.02749
2/26/2010,99.02749
2/27/2010,99.02749
2/28/2010,99.02749
3/1/2010,99.05217
3/2/2010,99.05217
3/3/2010,99.05217
3/4/2010,99.05217
3/5/2010,99.05217
3/6/2010,99.05217
3/7/2010,99.05217
3/8/2010,99.05217
3/9/2010,99.05217
3/10/2010,99.05217
3/11/2010,99.05217
3/12/2010,99.05217
3/13/2010,99.05217
3/14/2010,99.05217
3/15/2010,99.05217
3/16/2010,99.05217
3/17/2010,99.05217
3/18/2010,99.05217
3/19/2010,99.05217
3/20/2010,99.05217
3/21/2010,99.05217
3/22/2010,99.05217
3/23/2010,99.05217
3/24/2010,99.05217
3/25/2010,99.05217
3/26/2010,99.05217
3/27/2010,99.05217
3/28/2010,99.05217
3/29/2010,99.05217
3/30/2010,99.05217
3/31/2010,99.05217
4/1/2010,99.45891
4/2/2010,99.45891
4/3/2010,99.45891
4/4/2010,99.45891
4/5/2010,99.45891
4/6/2010,99.45891
4/7/2010,99.45891
4/8/2010,99.45891
4/9/2010,99.45891
4/10/2010,99.45891
4/11/2010,99.45891
4/12/2010,99.45891
4/13/2010,99.45891
4/14/2010,99.45891
4/15/2010,99.45891
4/16/2010,99.45891
4/17/2010,99.45891
4/18/2010,99.45891
4/19/2010,99.45891
4/20/2010,99.45891
4/21/2010,99.45891
4/22/2010,99.45891
4/23/2010,99.45891
4/24/2010,99.45891
4/25/2010,99.45891
4/26/2010,99.45891
4/27/2010,99.45891
4/28/2010,99.45891
4/29/2010,99.45891
4/30/2010,99.45891
5/1/2010,99.63166
5/2/2010,99.63166
5/3/2010,99.63166
5/4/2010,99.63166
5/5/2010,99.63166
5/6/2010,99.63166
5/7/2010,99.63166
5/8/2010,99.63166
5/9/2010,99.63166
5/10/2010,99.63166
5/11/2010,99.63166
5/12/2010,99.63166
5/13/2010,99.63166
5/14/2010,99.63166
5/15/2010,99.63166
5/16/2010,99.63166
5/17/2010,99.63166
5/18/2010,99.63166
5/19/2010,99.63166
5/20/2010,99.63166
5/21/2010,99.63166
5/22/2010,99.63166
5/23/2010,99.63166
5/24/2010,99.63166
5/25/2010,99.63166
5/26/2010,99.63166
5/27/2010,99.63166
5/28/2010,99.63166
5/29/2010,99.63166
5/30/2010,99.63166
5/31/2010,99.63166
6/1/2010,99.70888
6/2/2010,99.70888
6/3/2010,99.70888
6/4/2010,99.70888
6/5/2010,99.70888
6/6/2010,99.70888
6/7/2010,99.70888
6/8/2010,99.70888
6/9/2010,99.70888
6/10/2010,99.70888
6/11/2010,99.70888
6/12/2010,99.70888
6/13/2010,99.70888
6/14/2010,99.70888
6/15/2010,99.70888
6/16/2010,99.70888
6/17/2010,99.70888
6/18/2010,99.70888
6/19/2010,99.70888
6/20/2010,99.70888
6/21/2010,99.70888
6/22/2010,99.70888
6/23/2010,99.70888
6/24/2010,99.70888
6/25/2010,99.70888
6/26/2010,99.70888
6/27/2010,99.70888
6/28/2010,99.70888
6/29/2010,99.70888
6/30/2010,99.70888
7/1/2010,99.61153
7/2/2010,99.61153
7/3/2010,99.61153
7/4/2010,99.61153
7/5/2010,99.61153
7/6/2010,99.61153
7/7/2010,99.61153
7/8/2010,99.61153
7/9/2010,99.61153
7/10/2010,99.61153
7/11/2010,99.61153
7/12/2010,99.61153
7/13/2010,99.61153
7/14/2010,99.61153
7/15/2010,99.61153
7/16/2010,99.61153
7/17/2010,99.61153
7/18/2010,99.61153
7/19/2010,99.61153
7/20/2010,99.61153
7/21/2010,99.61153
7/22/2010,99.61153
7/23/2010,99.61153
7/24/2010,99.61153
7/25/2010,99.61153
7/26/2010,99.61153
7/27/2010,99.61153
7/28/2010,99.61153
7/29/2010,99.61153
7/30/2010,99.61153
7/31/2010,99.61153
8/1/2010,99.63257
8/2/2010,99.63257
8/3/2010,99.63257
8/4/2010,99.63257
8/5/2010,99.63257
8/6/2010,99.63257
8/7/2010,99.63257
8/8/2010,99.63257
8/9/2010,99.63257
8/10/2010,99.63257
8/11/2010,99.63257
8/12/2010,99.63257
8/13/2010,99.63257
8/14/2010,99.63257
8/15/2010,99.63257
8/16/2010,99.63257
8/17/2010,99.63257
8/18/2010,99.63257
8/19/2010,99.63257
8/20/2010,99.63257
8/21/2010,99.63257
8/22/2010,99.63257
8/23/2010,99.63257
8/24/2010,99.63257
8/25/2010,99.63257
8/26/2010,99.63257
8/27/2010,99.63257
8/28/2010,99.63257
8/29/2010,99.63257
8/30/2010,99.63257
8/31/2010,99.63257
9/1/2010,99.77013
9/2/2010,99.77013
9/3/2010,99.77013
9/4/2010,99.77013
9/5/2010,99.77013
9/6/2010,99.77013
9/7/2010,99.77013
9/8/2010,99.77013
9/9/2010,99.77013
9/10/2010,99.77013
9/11/2010,99.77013
9/12/2010,99.77013
9/13/2010,99.77013
9/14/2010,99.77013
9/15/2010,99.77013
9/16/2010,99.77013
9/17/2010,99.77013
9/18/2010,99.77013
9/19/2010,99.77013
9/20/2010,99.77013
9/21/2010,99.77013
9/22/2010,99.77013
9/23/2010,99.77013
9/24/2010,99.77013
9/25/2010,99.77013
9/26/2010,99.77013
9/27/2010,99.77013
9/28/2010,99.77013
9/29/2010,99.77013
9/30/2010,99.77013
10/1/2010,99.82817
10/2/2010,99.82817
10/3/2010,99.82817
10/4/2010,99.82817
10/5/2010,99.82817
10/6/2010,99.82817
10/7/2010,99.82817
10/8/2010,99.82817
10/9/2010,99.82817
10/10/2010,99.82817
10/11/2010,99.82817
10/12/2010,99.82817
10/13/2010,99.82817
10/14/2010,99.82817
10/15/2010,99.82817
10/16/2010,99.82817
10/17/2010,99.82817
10/18/2010,99.82817
10/19/2010,99.82817
10/20/2010,99.82817
10/21/2010,99.82817
10/22/2010,99.82817
10/23/2010,99.82817
10/24/2010,99.82817
10/25/2010,99.82817
10/26/2010,99.82817
10/27/2010,99.82817
10/28/2010,99.82817
10/29/2010,99.82817
10/30/2010,99.82817
10/31/2010,99.82817
11/1/2010,99.95248
11/2/2010,99.95248
11/3/2010,99.95248
11/4/2010,99.95248
11/5/2010,99.95248
11/6/2010,99.95248
11/7/2010,99.95248
11/8/2010,99.95248
11/9/2010,99.95248
11/10/2010,99.95248
11/11/2010,99.95248
11/12/2010,99.95248
11/13/2010,99.95248
11/14/2010,99.95248
11/15/2010,99.95248
11/16/2010,99.95248
11/17/2010,99.95248
11/18/2010,99.95248
11/19/2010,99.95248
11/20/2010,99.95248
11/21/2010,99.95248
11/22/2010,99.95248
11/23/2010,99.95248
11/24/2010,99.95248
11/25/2010,99.95248
11/26/2010,99.95248
11/27/2010,99.95248
11/28/2010,99.95248
11/29/2010,99.95248
11/30/2010,99.95248
12/1/2010,99.99452
12/2/2010,99.99452
12/3/2010,99.99452
12/4/2010,99.99452
12/5/2010,99.99452
12/6/2010,99.99452
12/7/2010,99.99452
12/8/2010,99.99452
12/9/2010,99.99452
12/10/2010,99.99452
12/11/2010,99.99452
12/12/2010,99.99452
12/13/2010,99.99452
12/14/2010,99.99452
12/15/2010,99.99452
12/16/2010,99.99452
12/17/2010,99.99452
12/18/2010,99.99452
12/19/2010,99.99452
12/20/2010,99.99452
12/21/2010,99.99452
12/22/2010,99.99452
12/23/2010,99.99452
12/24/2010,99.99452
12/25/2010,99.99452
12/26/2010,99.99452
12/27/2010,99.99452
12/28/2010,99.99452
12/29/2010,99.99452
12/30/2010,99.99452
12/31/2010,99.99452
1/1/2011,100.1664
1/2/2011,100.1664
1/3/2011,100.1664
1/4/2011,100.1664
1/5/2011,100.1664
1/6/2011,100.1664
1/7/2011,100.1664
1/8/2011,100.1664
1/9/2011,100.1664
1/10/2011,100.1664
1/11/2011,100.1664
1/12/2011,100.1664
1/13/2011,100.1664
1/14/2011,100.1664
1/15/2011,100.1664
1/16/2011,100.1664
1/17/2011,100.1664
1/18/2011,100.1664
1/19/2011,100.1664
1/20/2011,100.1664
1/21/2011,100.1664
1/22/2011,100.1664
1/23/2011,100.1664
1/24/2011,100.1664
1/25/2011,100.1664
1/26/2011,100.1664
1/27/2011,100.1664
1/28/2011,100.1664
1/29/2011,100.1664
1/30/2011,100.1664
1/31/2011,100.1664
2/1/2011,100.6435
2/2/2011,100.6435
2/3/2011,100.6435
2/4/2011,100.6435
2/5/2011,100.6435
2/6/2011,100.6435
2/7/2011,100.6435
2/8/2011,100.6435
2/9/2011,100.6435
2/10/2011,100.6435
2/11/2011,100.6435
2/12/2011,100.6435
2/13/2011,100.6435
2/14/2011,100.6435
2/15/2011,100.6435
2/16/2011,100.6435
2/17/2011,100.6435
2/18/2011,100.6435
2/19/2011,100.6435
2/20/2011,100.6435
2/21/2011,100.6435
2/22/2011,100.6435
2/23/2011,100.6435
2/24/2011,100.6435
2/25/2011,100.6435
2/26/2011,100.6435
2/27/2011,100.6435
2/28/2011,100.6435
3/1/2011,101.1398
3/2/2011,101.1398
3/3/2011,101.1398
3/4/2011,101.1398
3/5/2011,101.1398
3/6/2011,101.1398
3/7/2011,101.1398
3/8/2011,101.1398
3/9/2011,101.1398
3/10/2011,101.1398
3/11/2011,101.1398
3/12/2011,101.1398
3/13/2011,101.1398
3/14/2011,101.1398
3/15/2011,101.1398
3/16/2011,101.1398
3/17/2011,101.1398
3/18/2011,101.1398
3/19/2011,101.1398
3/20/2011,101.1398
3/21/2011,101.1398
3/22/2011,101.1398
3/23/2011,101.1398
3/24/2011,101.1398
3/25/2011,101.1398
3/26/2011,101.1398
3/27/2011,101.1398
3/28/2011,101.1398
3/29/2011,101.1398
3/30/2011,101.1398
3/31/2011,101.1398
4/1/2011,102.126
4/2/2011,102.126
4/3/2011,102.126
4/4/2011,102.126
4/5/2011,102.126
4/6/2011,102.126
4/7/2011,102.126
4/8/2011,102.126
4/9/2011,102.126
4/10/2011,102.126
4/11/2011,102.126
4/12/2011,102.126
4/13/2011,102.126
4/14/2011,102.126
4/15/2011,102.126
4/16/2011,102.126
4/17/2011,102.126
4/18/2011,102.126
4/19/2011,102.126
4/20/2011,102.126
4/21/2011,102.126
4/22/2011,102.126
4/23/2011,102.126
4/24/2011,102.126
4/25/2011,102.126
4/26/2011,102.126
4/27/2011,102.126
4/28/2011,102.126
4/29/2011,102.126
4/30/2011,102.126
5/1/2011,102.7836
5/2/2011,102.7836
5/3/2011,102.7836
5/4/2011,102.7836
5/5/2011,102.7836
5/6/2011,102.7836
5/7/2011,102.7836
5/8/2011,102.7836
5/9/2011,102.7836
5/10/2011,102.7836
5/11/2011,102.7836
5/12/2011,102.7836
5/13/2011,102.7836
5/14/2011,102.7836
5/15/2011,102.7836
5/16/2011,102.7836
5/17/2011,102.7836
5/18/2011,102.7836
5/19/2011,102.7836
5/20/2011,102.7836
5/21/2011,102.7836
5/22/2011,102.7836
5/23/2011,102.7836
5/24/2011,102.7836
5/25/2011,102.7836
5/26/2011,102.7836
5/27/2011,102.7836
5/28/2011,102.7836
5/29/2011,102.7836
5/30/2011,102.7836
5/31/2011,102.7836
6/1/2011,103.2672
6/2/2011,103.2672
6/3/2011,103.2672
6/4/2011,103.2672
6/5/2011,103.2672
6/6/2011,103.2672
6/7/2011,103.2672
6/8/2011,103.2672
6/9/2011,103.2672
6/10/2011,103.2672
6/11/2011,103.2672
6/12/2011,103.2672
6/13/2011,103.2672
6/14/2011,103.2672
6/15/2011,103.2672
6/16/2011,103.2672
6/17/2011,103.2672
6/18/2011,103.2672
6/19/2011,103.2672
6/20/2011,103.2672
6/21/2011,103.2672
6/22/2011,103.2672
6/23/2011,103.2672
6/24/2011,103.2672
6/25/2011,103.2672
6/26/2011,103.2672
6/27/2011,103.2672
6/28/2011,103.2672
6/29/2011,103.2672
6/30/2011,103.2672
7/1/2011,103.1566
7/2/2011,103.1566
7/3/2011,103.1566
7/4/2011,103.1566
7/5/2011,103.1566
7/6/2011,103.1566
7/7/2011,103.1566
7/8/2011,103.1566
7/9/2011,103.1566
7/10/2011,103.1566
7/11/2011,103.1566
7/12/2011,103.1566
7/13/2011,103.1566
7/14/2011,103.1566
7/15/2011,103.1566
7/16/2011,103.1566
7/17/2011,103.1566
7/18/2011,103.1566
7/19/2011,103.1566
7/20/2011,103.1566
7/21/2011,103.1566
7/22/2011,103.1566
7/23/2011,103.1566
7/24/2011,103.1566
7/25/2011,103.1566
7/26/2011,103.1566
7/27/2011,103.1566
7/28/2011,103.1566
7/29/2011,103.1566
7/30/2011,103.1566
7/31/2011,103.1566
8/1/2011,103.248
8/2/2011,103.248
8/3/2011,103.248
8/4/2011,103.248
8/5/2011,103.248
8/6/2011,103.248
8/7/2011,103.248
8/8/2011,103.248
8/9/2011,103.248
8/10/2011,103.248
8/11/2011,103.248
8/12/2011,103.248
8/13/2011,103.248
8/14/2011,103.248
8/15/2011,103.248
8/16/2011,103.248
8/17/2011,103.248
8/18/2011,103.248
8/19/2011,103.248
8/20/2011,103.248
8/21/2011,103.248
8/22/2011,103.248
8/23/2011,103.248
8/24/2011,103.248
8/25/2011,103.248
8/26/2011,103.248
8/27/2011,103.248
8/28/2011,103.248
8/29/2011,103.248
8/30/2011,103.248
8/31/2011,103.248
9/1/2011,103.5327
9/2/2011,103.5327
9/3/2011,103.5327
9/4/2011,103.5327
9/5/2011,103.5327
9/6/2011,103.5327
9/7/2011,103.5327
9/8/2011,103.5327
9/9/2011,103.5327
9/10/2011,103.5327
9/11/2011,103.5327
9/12/2011,103.5327
9/13/2011,103.5327
9/14/2011,103.5327
9/15/2011,103.5327
9/16/2011,103.5327
9/17/2011,103.5327
9/18/2011,103.5327
9/19/2011,103.5327
9/20/2011,103.5327
9/21/2011,103.5327
9/22/2011,103.5327
9/23/2011,103.5327
9/24/2011,103.5327
9/25/2011,103.5327
9/26/2011,103.5327
9/27/2011,103.5327
9/28/2011,103.5327
9/29/2011,103.5327
9/30/2011,103.5327
10/1/2011,103.6899
10/2/2011,103.6899
10/3/2011,103.6899
10/4/2011,103.6899
10/5/2011,103.6899
10/6/2011,103.6899
10/7/2011,103.6899
10/8/2011,103.6899
10/9/2011,103.6899
10/10/2011,103.6899
10/11/2011,103.6899
10/12/2011,103.6899
10/13/2011,103.6899
10/14/2011,103.6899
10/15/2011,103.6899
10/16/2011,103.6899
10/17/2011,103.6899
10/18/2011,103.6899
10/19/2011,103.6899
10/20/2011,103.6899
10/21/2011,103.6899
10/22/2011,103.6899
10/23/2011,103.6899
10/24/2011,103.6899
10/25/2011,103.6899
10/26/2011,103.6899
10/27/2011,103.6899
10/28/2011,103.6899
10/29/2011,103.6899
10/30/2011,103.6899
10/31/2011,103.6899
11/1/2011,103.476
11/2/2011,103.476
11/3/2011,103.476
11/4/2011,103.476
11/5/2011,103.476
11/6/2011,103.476
11/7/2011,103.476
11/8/2011,103.476
11/9/2011,103.476
11/10/2011,103.476
11/11/2011,103.476
11/12/2011,103.476
11/13/2011,103.476
11/14/2011,103.476
11/15/2011,103.476
11/16/2011,103.476
11/17/2011,103.476
11/18/2011,103.476
11/19/2011,103.476
11/20/2011,103.476
11/21/2011,103.476
11/22/2011,103.476
11/23/2011,103.476
11/24/2011,103.476
11/25/2011,103.476
11/26/2011,103.476
11/27/2011,103.476
11/28/2011,103.476
11/29/2011,103.476
11/30/2011,103.476
12/1/2011,103.3887
12/2/2011,103.3887
12/3/2011,103.3887
12/4/2011,103.3887
12/5/2011,103.3887
12/6/2011,103.3887
12/7/2011,103.3887
12/8/2011,103.3887
12/9/2011,103.3887
12/10/2011,103.3887
12/11/2011,103.3887
12/12/2011,103.3887
12/13/2011,103.3887
12/14/2011,103.3887
12/15/2011,103.3887
12/16/2011,103.3887
12/17/2011,103.3887
12/18/2011,103.3887
12/19/2011,103.3887
12/20/2011,103.3887
12/21/2011,103.3887
12/22/2011,103.3887
12/23/2011,103.3887
12/24/2011,103.3887
12/25/2011,103.3887
12/26/2011,103.3887
12/27/2011,103.3887
12/28/2011,103.3887
12/29/2011,103.3887
12/30/2011,103.3887
12/31/2011,103.3887
1/1/2012,103.1337
1/2/2012,103.1337
1/3/2012,103.1337
1/4/2012,103.1337
1/5/2012,103.1337
1/6/2012,103.1337
1/7/2012,103.1337
1/8/2012,103.1337
1/9/2012,103.1337
1/10/2012,103.1337
1/11/2012,103.1337
1/12/2012,103.1337
1/13/2012,103.1337
1/14/2012,103.1337
1/15/2012,103.1337
1/16/2012,103.1337
1/17/2012,103.1337
1/18/2012,103.1337
1/19/2012,103.1337
1/20/2012,103.1337
1/21/2012,103.1337
1/22/2012,103.1337
1/23/2012,103.1337
1/24/2012,103.1337
1/25/2012,103.1337
1/26/2012,103.1337
1/27/2012,103.1337
1/28/2012,103.1337
1/29/2012,103.1337
1/30/2012,103.1337
1/31/2012,103.1337
2/1/2012,103.5875
2/2/2012,103.5875
2/3/2012,103.5875
2/4/2012,103.5875
2/5/2012,103.5875
2/6/2012,103.5875
2/7/2012,103.5875
2/8/2012,103.5875
2/9/2012,103.5875
2/10/2012,103.5875
2/11/2012,103.5875
2/12/2012,103.5875
2/13/2012,103.5875
2/14/2012,103.5875
2/15/2012,103.5875
2/16/2012,103.5875
2/17/2012,103.5875
2/18/2012,103.5875
2/19/2012,103.5875
2/20/2012,103.5875
2/21/2012,103.5875
2/22/2012,103.5875
2/23/2012,103.5875
2/24/2012,103.5875
2/25/2012,103.5875
2/26/2012,103.5875
2/27/2012,103.5875
2/28/2012,103.5875
2/29/2012,103.5875
3/1/2012,104.0436
3/2/2012,104.0436
3/3/2012,104.0436
3/4/2012,104.0436
3/5/2012,104.0436
3/6/2012,104.0436
3/7/2012,104.0436
3/8/2012,104.0436
3/9/2012,104.0436
3/10/2012,104.0436
3/11/2012,104.0436
3/12/2012,104.0436
3/13/2012,104.0436
3/14/2012,104.0436
3/15/2012,104.0436
3/16/2012,104.0436
3/17/2012,104.0436
3/18/2012,104.0436
3/19/2012,104.0436
3/20/2012,104.0436
3/21/2012,104.0436
3/22/2012,104.0436
3/23/2012,104.0436
3/24/2012,104.0436
3/25/2012,104.0436
3/26/2012,104.0436
3/27/2012,104.0436
3/28/2012,104.0436
3/29/2012,104.0436
3/30/2012,104.0436
3/31/2012,104.0436
4/1/2012,104.8338
4/2/2012,104.8338
4/3/2012,104.8338
4/4/2012,104.8338
4/5/2012,104.8338
4/6/2012,104.8338
4/7/2012,104.8338
4/8/2012,104.8338
4/9/2012,104.8338
4/10/2012,104.8338
4/11/2012,104.8338
4/12/2012,104.8338
4/13/2012,104.8338
4/14/2012,104.8338
4/15/2012,104.8338
4/16/2012,104.8338
4/17/2012,104.8338
4/18/2012,104.8338
4/19/2012,104.8338
4/20/2012,104.8338
4/21/2012,104.8338
4/22/2012,104.8338
4/23/2012,104.8338
4/24/2012,104.8338
4/25/2012,104.8338
4/26/2012,104.8338
4/27/2012,104.8338
4/28/2012,104.8338
4/29/2012,104.8338
4/30/2012,104.8338
5/1/2012,105.1505
5/2/2012,105.1505
5/3/2012,105.1505
5/4/2012,105.1505
5/5/2012,105.1505
5/6/2012,105.1505
5/7/2012,105.1505
5/8/2012,105.1505
5/9/2012,105.1505
5/10/2012,105.1505
5/11/2012,105.1505
5/12/2012,105.1505
5/13/2012,105.1505
5/14/2012,105.1505
5/15/2012,105.1505
5/16/2012,105.1505
5/17/2012,105.1505
5/18/2012,105.1505
5/19/2012,105.1505
5/20/2012,105.1505
5/21/2012,105.1505
5/22/2012,105.1505
5/23/2012,105.1505
5/24/2012,105.1505
5/25/2012,105.1505
5/26/2012,105.1505
5/27/2012,105.1505
5/28/2012,105.1505
5/29/2012,105.1505
5/30/2012,105.1505
5/31/2012,105.1505
6/1/2012,105.0271
6/2/2012,105.0271
6/3/2012,105.0271
6/4/2012,105.0271
6/5/2012,105.0271
6/6/2012,105.0271
6/7/2012,105.0271
6/8/2012,105.0271
6/9/2012,105.0271
6/10/2012,105.0271
6/11/2012,105.0271
6/12/2012,105.0271
6/13/2012,105.0271
6/14/2012,105.0271
6/15/2012,105.0271
6/16/2012,105.0271
6/17/2012,105.0271
6/18/2012,105.0271
6/19/2012,105.0271
6/20/2012,105.0271
6/21/2012,105.0271
6/22/2012,105.0271
6/23/2012,105.0271
6/24/2012,105.0271
6/25/2012,105.0271
6/26/2012,105.0271
6/27/2012,105.0271
6/28/2012,105.0271
6/29/2012,105.0271
6/30/2012,105.0271
7/1/2012,104.8731
7/2/2012,104.8731
7/3/2012,104.8731
7/4/2012,104.8731
7/5/2012,104.8731
7/6/2012,104.8731
7/7/2012,104.8731
7/8/2012,104.8731
7/9/2012,104.8731
7/10/2012,104.8731
7/11/2012,104.8731
7/12/2012,104.8731
7/13/2012,104.8731
7/14/2012,104.8731
7/15/2012,104.8731
7/16/2012,104.8731
7/17/2012,104.8731
7/18/2012,104.8731
7/19/2012,104.8731
7/20/2012,104.8731
7/21/2012,104.8731
7/22/2012,104.8731
7/23/2012,104.8731
7/24/2012,104.8731
7/25/2012,104.8731
7/26/2012,104.8731
7/27/2012,104.8731
7/28/2012,104.8731
7/29/2012,104.8731
7/30/2012,104.8731
7/31/2012,104.8731
8/1/2012,104.7022
8/2/2012,104.7022
8/3/2012,104.7022
8/4/2012,104.7022
8/5/2012,104.7022
8/6/2012,104.7022
8/7/2012,104.7022
8/8/2012,104.7022
8/9/2012,104.7022
8/10/2012,104.7022
8/11/2012,104.7022
8/12/2012,104.7022
8/13/2012,104.7022
8/14/2012,104.7022
8/15/2012,104.7022
8/16/2012,104.7022
8/17/2012,104.7022
8/18/2012,104.7022
8/19/2012,104.7022
8/20/2012,104.7022
8/21/2012,104.7022
8/22/2012,104.7022
8/23/2012,104.7022
8/24/2012,104.7022
8/25/2012,104.7022
8/26/2012,104.7022
8/27/2012,104.7022
8/28/2012,104.7022
8/29/2012,104.7022
8/30/2012,104.7022
8/31/2012,104.7022
9/1/2012,105.2849
9/2/2012,105.2849
9/3/2012,105.2849
9/4/2012,105.2849
9/5/2012,105.2849
9/6/2012,105.2849
9/7/2012,105.2849
9/8/2012,105.2849
9/9/2012,105.2849
9/10/2012,105.2849
9/11/2012,105.2849
9/12/2012,105.2849
9/13/2012,105.2849
9/14/2012,105.2849
9/15/2012,105.2849
9/16/2012,105.2849
9/17/2012,105.2849
9/18/2012,105.2849
9/19/2012,105.2849
9/20/2012,105.2849
9/21/2012,105.2849
9/22/2012,105.2849
9/23/2012,105.2849
9/24/2012,105.2849
9/25/2012,105.2849
9/26/2012,105.2849
9/27/2012,105.2849
9/28/2012,105.2849
9/29/2012,105.2849
9/30/2012,105.2849
10/1/2012,105.7547
10/2/2012,105.7547
10/3/2012,105.7547
10/4/2012,105.7547
10/5/2012,105.7547
10/6/2012,105.7547
10/7/2012,105.7547
10/8/2012,105.7547
10/9/2012,105.7547
10/10/2012,105.7547
10/11/2012,105.7547
10/12/2012,105.7547
10/13/2012,105.7547
10/14/2012,105.7547
10/15/2012,105.7547
10/16/2012,105.7547
10/17/2012,105.7547
10/18/2012,105.7547
10/19/2012,105.7547
10/20/2012,105.7547
10/21/2012,105.7547
10/22/2012,105.7547
10/23/2012,105.7547
10/24/2012,105.7547
10/25/2012,105.7547
10/26/2012,105.7547
10/27/2012,105.7547
10/28/2012,105.7547
10/29/2012,105.7547
10/30/2012,105.7547
10/31/2012,105.7547
11/1/2012,105.7135
11/2/2012,105.7135
11/3/2012,105.7135
11/4/2012,105.7135
11/5/2012,105.7135
11/6/2012,105.7135
11/7/2012,105.7135
11/8/2012,105.7135
11/9/2012,105.7135
11/10/2012,105.7135
11/11/2012,105.7135
11/12/2012,105.7135
11/13/2012,105.7135
11/14/2012,105.7135
11/15/2012,105.7135
11/16/2012,105.7135
11/17/2012,105.7135
11/18/2012,105.7135
11/19/2012,105.7135
11/20/2012,105.7135
11/21/2012,105.7135
11/22/2012,105.7135
11/23/2012,105.7135
11/24/2012,105.7135
11/25/2012,105.7135
11/26/2012,105.7135
11/27/2012,105.7135
11/28/2012,105.7135
11/29/2012,105.7135
11/30/2012,105.7135
12/1/2012,105.2126
12/2/2012,105.2126
12/3/2012,105.2126
12/4/2012,105.2126
12/5/2012,105.2126
12/6/2012,105.2126
12/7/2012,105.2126
12/8/2012,105.2126
12/9/2012,105.2126
12/10/2012,105.2126
12/11/2012,105.2126
12/12/2012,105.2126
12/13/2012,105.2126
12/14/2012,105.2126
12/15/2012,105.2126
12/16/2012,105.2126
12/17/2012,105.2126
12/18/2012,105.2126
12/19/2012,105.2126
12/20/2012,105.2126
12/21/2012,105.2126
12/22/2012,105.2126
12/23/2012,105.2126
12/24/2012,105.2126
12/25/2012,105.2126
12/26/2012,105.2126
12/27/2012,105.2126
12/28/2012,105.2126
12/29/2012,105.2126
12/30/2012,105.2126
12/31/2012,105.2126
1/1/2013,104.9293
1/2/2013,104.9293
1/3/2013,104.9293
1/4/2013,104.9293
1/5/2013,104.9293
1/6/2013,104.9293
1/7/2013,104.9293
1/8/2013,104.9293
1/9/2013,104.9293
1/10/2013,104.9293
1/11/2013,104.9293
1/12/2013,104.9293
1/13/2013,104.9293
1/14/2013,104.9293
1/15/2013,104.9293
1/16/2013,104.9293
1/17/2013,104.9293
1/18/2013,104.9293
1/19/2013,104.9293
1/20/2013,104.9293
1/21/2013,104.9293
1/22/2013,104.9293
1/23/2013,104.9293
1/24/2013,104.9293
1/25/2013,104.9293
1/26/2013,104.9293
1/27/2013,104.9293
1/28/2013,104.9293
1/29/2013,104.9293
1/30/2013,104.9293
1/31/2013,104.9293
2/1/2013,105.2396
2/2/2013,105.2396
2/3/2013,105.2396
2/4/2013,105.2396
2/5/2013,105.2396
2/6/2013,105.2396
2/7/2013,105.2396
2/8/2013,105.2396
2/9/2013,105.2396
2/10/2013,105.2396
2/11/2013,105.2396
2/12/2013,105.2396
2/13/2013,105.2396
2/14/2013,105.2396
2/15/2013,105.2396
2/16/2013,105.2396
2/17/2013,105.2396
2/18/2013,105.2396
2/19/2013,105.2396
2/20/2013,105.2396
2/21/2013,105.2396
2/22/2013,105.2396
2/23/2013,105.2396
2/24/2013,105.2396
2/25/2013,105.2396
2/26/2013,105.2396
2/27/2013,105.2396
2/28/2013,105.2396
3/1/2013,106.1015
3/2/2013,106.1015
3/3/2013,106.1015
3/4/2013,106.1015
3/5/2013,106.1015
3/6/2013,106.1015
3/7/2013,106.1015
3/8/2013,106.1015
3/9/2013,106.1015
3/10/2013,106.1015
3/11/2013,106.1015
3/12/2013,106.1015
3/13/2013,106.1015
3/14/2013,106.1015
3/15/2013,106.1015
3/16/2013,106.1015
3/17/2013,106.1015
3/18/2013,106.1015
3/19/2013,106.1015
3/20/2013,106.1015
3/21/2013,106.1015
3/22/2013,106.1015
3/23/2013,106.1015
3/24/2013,106.1015
3/25/2013,106.1015
3/26/2013,106.1015
3/27/2013,106.1015
3/28/2013,106.1015
3/29/2013,106.1015
3/30/2013,106.1015
3/31/2013,106.1015
4/1/2013,106.3789
4/2/2013,106.3789
4/3/2013,106.3789
4/4/2013,106.3789
4/5/2013,106.3789
4/6/2013,106.3789
4/7/2013,106.3789
4/8/2013,106.3789
4/9/2013,106.3789
4/10/2013,106.3789
4/11/2013,106.3789
4/12/2013,106.3789
4/13/2013,106.3789
4/14/2013,106.3789
4/15/2013,106.3789
4/16/2013,106.3789
4/17/2013,106.3789
4/18/2013,106.3789
4/19/2013,106.3789
4/20/2013,106.3789
4/21/2013,106.3789
4/22/2013,106.3789
4/23/2013,106.3789
4/24/2013,106.3789
4/25/2013,106.3789
4/26/2013,106.3789
4/27/2013,106.3789
4/28/2013,106.3789
4/29/2013,106.3789
4/30/2013,106.3789
5/1/2013,106.2683
5/2/2013,106.2683
5/3/2013,106.2683
5/4/2013,106.2683
5/5/2013,106.2683
5/6/2013,106.2683
5/7/2013,106.2683
5/8/2013,106.2683
5/9/2013,106.2683
5/10/2013,106.2683
5/11/2013,106.2683
5/12/2013,106.2683
5/13/2013,106.2683
5/14/2013,106.2683
5/15/2013,106.2683
5/16/2013,106.2683
5/17/2013,106.2683
5/18/2013,106.2683
5/19/2013,106.2683
5/20/2013,106.2683
5/21/2013,106.2683
5/22/2013,106.2683
5/23/2013,106.2683
5/24/2013,106.2683
5/25/2013,106.2683
5/26/2013,106.2683
5/27/2013,106.2683
5/28/2013,106.2683
5/29/2013,106.2683
5/30/2013,106.2683
5/31/2013,106.2683
6/1/2013,106.4575
6/2/2013,106.4575
6/3/2013,106.4575
6/4/2013,106.4575
6/5/2013,106.4575
6/6/2013,106.4575
6/7/2013,106.4575
6/8/2013,106.4575
6/9/2013,106.4575
6/10/2013,106.4575
6/11/2013,106.4575
6/12/2013,106.4575
6/13/2013,106.4575
6/14/2013,106.4575
6/15/2013,106.4575
6/16/2013,106.4575
6/17/2013,106.4575
6/18/2013,106.4575
6/19/2013,106.4575
6/20/2013,106.4575
6/21/2013,106.4575
6/22/2013,106.4575
6/23/2013,106.4575
6/24/2013,106.4575
6/25/2013,106.4575
6/26/2013,106.4575
6/27/2013,106.4575
6/28/2013,106.4575
6/29/2013,106.4575
6/30/2013,106.4575
7/1/2013,106.713
7/2/2013,106.713
7/3/2013,106.713
7/4/2013,106.713
7/5/2013,106.713
7/6/2013,106.713
7/7/2013,106.713
7/8/2013,106.713
7/9/2013,106.713
7/10/2013,106.713
7/11/2013,106.713
7/12/2013,106.713
7/13/2013,106.713
7/14/2013,106.713
7/15/2013,106.713
7/16/2013,106.713
7/17/2013,106.713
7/18/2013,106.713
7/19/2013,106.713
7/20/2013,106.713
7/21/2013,106.713
7/22/2013,106.713
7/23/2013,106.713
7/24/2013,106.713
7/25/2013,106.713
7/26/2013,106.713
7/27/2013,106.713
7/28/2013,106.713
7/29/2013,106.713
7/30/2013,106.713
7/31/2013,106.713
8/1/2013,106.7551
8/2/2013,106.7551
8/3/2013,106.7551
8/4/2013,106.7551
8/5/2013,106.7551
8/6/2013,106.7551
8/7/2013,106.7551
8/8/2013,106.7551
8/9/2013,106.7551
8/10/2013,106.7551
8/11/2013,106.7551
8/12/2013,106.7551
8/13/2013,106.7551
8/14/2013,106.7551
8/15/2013,106.7551
8/16/2013,106.7551
8/17/2013,106.7551
8/18/2013,106.7551
8/19/2013,106.7551
8/20/2013,106.7551
8/21/2013,106.7551
8/22/2013,106.7551
8/23/2013,106.7551
8/24/2013,106.7551
8/25/2013,106.7551
8/26/2013,106.7551
8/27/2013,106.7551
8/28/2013,106.7551
8/29/2013,106.7551
8/30/2013,106.7551
8/31/2013,106.7551
9/1/2013,106.8835
9/2/2013,106.8835
9/3/2013,106.8835
9/4/2013,106.8835
9/5/2013,106.8835
9/6/2013,106.8835
9/7/2013,106.8835
9/8/2013,106.8835
9/9/2013,106.8835
9/10/2013,106.8835
9/11/2013,106.8835
9/12/2013,106.8835
9/13/2013,106.8835
9/14/2013,106.8835
9/15/2013,106.8835
9/16/2013,106.8835
9/17/2013,106.8835
9/18/2013,106.8835
9/19/2013,106.8835
9/20/2013,106.8835
9/21/2013,106.8835
9/22/2013,106.8835
9/23/2013,106.8835
9/24/2013,106.8835
9/25/2013,106.8835
9/26/2013,106.8835
9/27/2013,106.8835
9/28/2013,106.8835
9/29/2013,106.8835
9/30/2013,106.8835
10/1/2013,107.0078
10/2/2013,107.0078
10/3/2013,107.0078
10/4/2013,107.0078
10/5/2013,107.0078
10/6/2013,107.0078
10/7/2013,107.0078
10/8/2013,107.0078
10/9/2013,107.0078
10/10/2013,107.0078
10/11/2013,107.0078
10/12/2013,107.0078
10/13/2013,107.0078
10/14/2013,107.0078
10/15/2013,107.0078
10/16/2013,107.0078
10/17/2013,107.0078
10/18/2013,107.0078
10/19/2013,107.0078
10/20/2013,107.0078
10/21/2013,107.0078
10/22/2013,107.0078
10/23/2013,107.0078
10/24/2013,107.0078
10/25/2013,107.0078
10/26/2013,107.0078
10/27/2013,107.0078
10/28/2013,107.0078
10/29/2013,107.0078
10/30/2013,107.0078
10/31/2013,107.0078
11/1/2013,106.7322
11/2/2013,106.7322
11/3/2013,106.7322
11/4/2013,106.7322
11/5/2013,106.7322
11/6/2013,106.7322
11/7/2013,106.7322
11/8/2013,106.7322
11/9/2013,106.7322
11/10/2013,106.7322
11/11/2013,106.7322
11/12/2013,106.7322
11/13/2013,106.7322
11/14/2013,106.7322
11/15/2013,106.7322
11/16/2013,106.7322
11/17/2013,106.7322
11/18/2013,106.7322
11/19/2013,106.7322
11/20/2013,106.7322
11/21/2013,106.7322
11/22/2013,106.7322
11/23/2013,106.7322
11/24/2013,106.7322
11/25/2013,106.7322
11/26/2013,106.7322
11/27/2013,106.7322
11/28/2013,106.7322
11/29/2013,106.7322
11/30/2013,106.7322
12/1/2013,106.5142
12/2/2013,106.5142
12/3/2013,106.5142
12/4/2013,106.5142
12/5/2013,106.5142
12/6/2013,106.5142
12/7/2013,106.5142
12/8/2013,106.5142
12/9/2013,106.5142
12/10/2013,106.5142
12/11/2013,106.5142
12/12/2013,106.5142
12/13/2013,106.5142
12/14/2013,106.5142
12/15/2013,106.5142
12/16/2013,106.5142
12/17/2013,106.5142
12/18/2013,106.5142
12/19/2013,106.5142
12/20/2013,106.5142
12/21/2013,106.5142
12/22/2013,106.5142
12/23/2013,106.5142
12/24/2013,106.5142
12/25/2013,106.5142
12/26/2013,106.5142
12/27/2013,106.5142
12/28/2013,106.5142
12/29/2013,106.5142
12/30/2013,106.5142
12/31/2013,106.5142
1/1/2014,106.5051
1/2/2014,106.5051
1/3/2014,106.5051
1/4/2014,106.5051
1/5/2014,106.5051
1/6/2014,106.5051
1/7/2014,106.5051
1/8/2014,106.5051
1/9/2014,106.5051
1/10/2014,106.5051
1/11/2014,106.5051
1/12/2014,106.5051
1/13/2014,106.5051
1/14/2014,106.5051
1/15/2014,106.5051
1/16/2014,106.5051
1/17/2014,106.5051
1/18/2014,106.5051
1/19/2014,106.5051
1/20/2014,106.5051
1/21/2014,106.5051
1/22/2014,106.5051
1/23/2014,106.5051
1/24/2014,106.5051
1/25/2014,106.5051
1/26/2014,106.5051
1/27/2014,106.5051
1/28/2014,106.5051
1/29/2014,106.5051
1/30/2014,106.5051
1/31/2014,106.5051
2/1/2014,106.9013
2/2/2014,106.9013
2/3/2014,106.9013
2/4/2014,106.9013
2/5/2014,106.9013
2/6/2014,106.9013
2/7/2014,106.9013
2/8/2014,106.9013
2/9/2014,106.9013
2/10/2014,106.9013
2/11/2014,106.9013
2/12/2014,106.9013
2/13/2014,106.9013
2/14/2014,106.9013
2/15/2014,106.9013
2/16/2014,106.9013
2/17/2014,106.9013
2/18/2014,106.9013
2/19/2014,106.9013
2/20/2014,106.9013
2/21/2014,106.9013
2/22/2014,106.9013
2/23/2014,106.9013
2/24/2014,106.9013
2/25/2014,106.9013
2/26/2014,106.9013
2/27/2014,106.9013
2/28/2014,106.9013
3/1/2014,107.2966
3/2/2014,107.2966
3/3/2014,107.2966
3/4/2014,107.2966
3/5/2014,107.2966
3/6/2014,107.2966
3/7/2014,107.2966
3/8/2014,107.2966
3/9/2014,107.2966
3/10/2014,107.2966
3/11/2014,107.2966
3/12/2014,107.2966
3/13/2014,107.2966
3/14/2014,107.2966
3/15/2014,107.2966
3/16/2014,107.2966
3/17/2014,107.2966
3/18/2014,107.2966
3/19/2014,107.2966
3/20/2014,107.2966
3/21/2014,107.2966
3/22/2014,107.2966
3/23/2014,107.2966
3/24/2014,107.2966
3/25/2014,107.2966
3/26/2014,107.2966
3/27/2014,107.2966
3/28/2014,107.2966
3/29/2014,107.2966
3/30/2014,107.2966
3/31/2014,107.2966
4/1/2014,107.9876
4/2/2014,107.9876
4/3/2014,107.9876
4/4/2014,107.9876
4/5/2014,107.9876
4/6/2014,107.9876
4/7/2014,107.9876
4/8/2014,107.9876
4/9/2014,107.9876
4/10/2014,107.9876
4/11/2014,107.9876
4/12/2014,107.9876
4/13/2014,107.9876
4/14/2014,107.9876
4/15/2014,107.9876
4/16/2014,107.9876
4/17/2014,107.9876
4/18/2014,107.9876
4/19/2014,107.9876
4/20/2014,107.9876
4/21/2014,107.9876
4/22/2014,107.9876
4/23/2014,107.9876
4/24/2014,107.9876
4/25/2014,107.9876
4/26/2014,107.9876
4/27/2014,107.9876
4/28/2014,107.9876
4/29/2014,107.9876
4/30/2014,107.9876
5/1/2014,108.3436
5/2/2014,108.3436
5/3/2014,108.3436
5/4/2014,108.3436
5/5/2014,108.3436
5/6/2014,108.3436
5/7/2014,108.3436
5/8/2014,108.3436
5/9/2014,108.3436
5/10/2014,108.3436
5/11/2014,108.3436
5/12/2014,108.3436
5/13/2014,108.3436
5/14/2014,108.3436
5/15/2014,108.3436
5/16/2014,108.3436
5/17/2014,108.3436
5/18/2014,108.3436
5/19/2014,108.3436
5/20/2014,108.3436
5/21/2014,108.3436
5/22/2014,108.3436
5/23/2014,108.3436
5/24/2014,108.3436
5/25/2014,108.3436
5/26/2014,108.3436
5/27/2014,108.3436
5/28/2014,108.3436
5/29/2014,108.3436
5/30/2014,108.3436
5/31/2014,108.3436
6/1/2014,108.722
6/2/2014,108.722
6/3/2014,108.722
6/4/2014,108.722
6/5/2014,108.722
6/6/2014,108.722
6/7/2014,108.722
6/8/2014,108.722
6/9/2014,108.722
6/10/2014,108.722
6/11/2014,108.722
6/12/2014,108.722
6/13/2014,108.722
6/14/2014,108.722
6/15/2014,108.722
6/16/2014,108.722
6/17/2014,108.722
6/18/2014,108.722
6/19/2014,108.722
6/20/2014,108.722
6/21/2014,108.722
6/22/2014,108.722
6/23/2014,108.722
6/24/2014,108.722
6/25/2014,108.722
6/26/2014,108.722
6/27/2014,108.722
6/28/2014,108.722
6/29/2014,108.722
6/30/2014,108.722
7/1/2014,108.9245
7/2/2014,108.9245
7/3/2014,108.9245
7/4/2014,108.9245
7/5/2014,108.9245
7/6/2014,108.9245
7/7/2014,108.9245
7/8/2014,108.9245
7/9/2014,108.9245
7/10/2014,108.9245
7/11/2014,108.9245
7/12/2014,108.9245
7/13/2014,108.9245
7/14/2014,108.9245
7/15/2014,108.9245
7/16/2014,108.9245
7/17/2014,108.9245
7/18/2014,108.9245
7/19/2014,108.9245
7/20/2014,108.9245
7/21/2014,108.9245
7/22/2014,108.9245
7/23/2014,108.9245
7/24/2014,108.9245
7/25/2014,108.9245
7/26/2014,108.9245
7/27/2014,108.9245
7/28/2014,108.9245
7/29/2014,108.9245
7/30/2014,108.9245
7/31/2014,108.9245
8/1/2014,108.882
8/2/2014,108.882
8/3/2014,108.882
8/4/2014,108.882
8/5/2014,108.882
8/6/2014,108.882
8/7/2014,108.882
8/8/2014,108.882
8/9/2014,108.882
8/10/2014,108.882
8/11/2014,108.882
8/12/2014,108.882
8/13/2014,108.882
8/14/2014,108.882
8/15/2014,108.882
8/16/2014,108.882
8/17/2014,108.882
8/18/2014,108.882
8/19/2014,108.882
8/20/2014,108.882
8/21/2014,108.882
8/22/2014,108.882
8/23/2014,108.882
8/24/2014,108.882
8/25/2014,108.882
8/26/2014,108.882
8/27/2014,108.882
8/28/2014,108.882
8/29/2014,108.882
8/30/2014,108.882
8/31/2014,108.882
9/1/2014,108.7001
9/2/2014,108.7001
9/3/2014,108.7001
9/4/2014,108.7001
9/5/2014,108.7001
9/6/2014,108.7001
9/7/2014,108.7001
9/8/2014,108.7001
9/9/2014,108.7001
9/10/2014,108.7001
9/11/2014,108.7001
9/12/2014,108.7001
9/13/2014,108.7001
9/14/2014,108.7001
9/15/2014,108.7001
9/16/2014,108.7001
9/17/2014,108.7001
9/18/2014,108.7001
9/19/2014,108.7001
9/20/2014,108.7001
9/21/2014,108.7001
9/22/2014,108.7001
9/23/2014,108.7001
9/24/2014,108.7001
9/25/2014,108.7001
9/26/2014,108.7001
9/27/2014,108.7001
9/28/2014,108.7001
9/29/2014,108.7001
9/30/2014,108.7001
10/1/2014,108.7819
10/2/2014,108.7819
10/3/2014,108.7819
10/4/2014,108.7819
10/5/2014,108.7819
10/6/2014,108.7819
10/7/2014,108.7819
10/8/2014,108.7819
10/9/2014,108.7819
10/10/2014,108.7819
10/11/2014,108.7819
10/12/2014,108.7819
10/13/2014,108.7819
10/14/2014,108.7819
10/15/2014,108.7819
10/16/2014,108.7819
10/17/2014,108.7819
10/18/2014,108.7819
10/19/2014,108.7819
10/20/2014,108.7819
10/21/2014,108.7819
10/22/2014,108.7819
10/23/2014,108.7819
10/24/2014,108.7819
10/25/2014,108.7819
10/26/2014,108.7819
10/27/2014,108.7819
10/28/2014,108.7819
10/29/2014,108.7819
10/30/2014,108.7819
10/31/2014,108.7819
11/1/2014,108.5086
11/2/2014,108.5086
11/3/2014,108.5086
11/4/2014,108.5086
11/5/2014,108.5086
11/6/2014,108.5086
11/7/2014,108.5086
11/8/2014,108.5086
11/9/2014,108.5086
11/10/2014,108.5086
11/11/2014,108.5086
11/12/2014,108.5086
11/13/2014,108.5086
11/14/2014,108.5086
11/15/2014,108.5086
11/16/2014,108.5086
11/17/2014,108.5086
11/18/2014,108.5086
11/19/2014,108.5086
11/20/2014,108.5086
11/21/2014,108.5086
11/22/2014,108.5086
11/23/2014,108.5086
11/24/2014,108.5086
11/25/2014,108.5086
11/26/2014,108.5086
11/27/2014,108.5086
11/28/2014,108.5086
11/29/2014,108.5086
11/30/2014,108.5086
12/1/2014,107.9227
12/2/2014,107.9227
12/3/2014,107.9227
12/4/2014,107.9227
12/5/2014,107.9227
12/6/2014,107.9227
12/7/2014,107.9227
12/8/2014,107.9227
12/9/2014,107.9227
12/10/2014,107.9227
12/11/2014,107.9227
12/12/2014,107.9227
12/13/2014,107.9227
12/14/2014,107.9227
12/15/2014,107.9227
12/16/2014,107.9227
12/17/2014,107.9227
12/18/2014,107.9227
12/19/2014,107.9227
12/20/2014,107.9227
12/21/2014,107.9227
12/22/2014,107.9227
12/23/2014,107.9227
12/24/2014,107.9227
12/25/2014,107.9227
12/26/2014,107.9227
12/27/2014,107.9227
12/28/2014,107.9227
12/29/2014,107.9227
12/30/2014,107.9227
12/31/2014,107.9227
1/1/2015,107.3108
1/2/2015,107.3108
1/3/2015,107.3108
1/4/2015,107.3108
1/5/2015,107.3108
1/6/2015,107.3108
1/7/2015,107.3108
1/8/2015,107.3108
1/9/2015,107.3108
1/10/2015,107.3108
1/11/2015,107.3108
1/12/2015,107.3108
1/13/2015,107.3108
1/14/2015,107.3108
1/15/2015,107.3108
1/16/2015,107.3108
1/17/2015,107.3108
1/18/2015,107.3108
1/19/2015,107.3108
1/20/2015,107.3108
1/21/2015,107.3108
1/22/2015,107.3108
1/23/2015,107.3108
1/24/2015,107.3108
1/25/2015,107.3108
1/26/2015,107.3108
1/27/2015,107.3108
1/28/2015,107.3108
1/29/2015,107.3108
1/30/2015,107.3108
1/31/2015,107.3108
2/1/2015,106.8058
2/2/2015,106.8058
2/3/2015,106.8058
2/4/2015,106.8058
2/5/2015,106.8058
2/6/2015,106.8058
2/7/2015,106.8058
2/8/2015,106.8058
2/9/2015,106.8058
2/10/2015,106.8058
2/11/2015,106.8058
2/12/2015,106.8058
2/13/2015,106.8058
2/14/2015,106.8058
2/15/2015,106.8058
2/16/2015,106.8058
2/17/2015,106.8058
2/18/2015,106.8058
2/19/2015,106.8058
2/20/2015,106.8058
2/21/2015,106.8058
2/22/2015,106.8058
2/23/2015,106.8058
2/24/2015,106.8058
2/25/2015,106.8058
2/26/2015,106.8058
2/27/2015,106.8058
2/28/2015,106.8058
3/1/2015,107.2696
3/2/2015,107.2696
3/3/2015,107.2696
3/4/2015,107.2696
3/5/2015,107.2696
3/6/2015,107.2696
3/7/2015,107.2696
3/8/2015,107.2696
3/9/2015,107.2696
3/10/2015,107.2696
3/11/2015,107.2696
3/12/2015,107.2696
3/13/2015,107.2696
3/14/2015,107.2696
3/15/2015,107.2696
3/16/2015,107.2696
3/17/2015,107.2696
3/18/2015,107.2696
3/19/2015,107.2696
3/20/2015,107.2696
3/21/2015,107.2696
3/22/2015,107.2696
3/23/2015,107.2696
3/24/2015,107.2696
3/25/2015,107.2696
3/26/2015,107.2696
3/27/2015,107.2696
3/28/2015,107.2696
3/29/2015,107.2696
3/30/2015,107.2696
3/31/2015,107.2696
4/1/2015,107.9081
4/2/2015,107.9081
4/3/2015,107.9081
4/4/2015,107.9081
4/5/2015,107.9081
4/6/2015,107.9081
4/7/2015,107.9081
4/8/2015,107.9081
4/9/2015,107.9081
4/10/2015,107.9081
4/11/2015,107.9081
4/12/2015,107.9081
4/13/2015,107.9081
4/14/2015,107.9081
4/15/2015,107.9081
4/16/2015,107.9081
4/17/2015,107.9081
4/18/2015,107.9081
4/19/2015,107.9081
4/20/2015,107.9081
4/21/2015,107.9081
4/22/2015,107.9081
4/23/2015,107.9081
4/24/2015,107.9081
4/25/2015,107.9081
4/26/2015,107.9081
4/27/2015,107.9081
4/28/2015,107.9081
4/29/2015,107.9081
4/30/2015,107.9081
5/1/2015,108.1275
5/2/2015,108.1275
5/3/2015,108.1275
5/4/2015,108.1275
5/5/2015,108.1275
5/6/2015,108.1275
5/7/2015,108.1275
5/8/2015,108.1275
5/9/2015,108.1275
5/10/2015,108.1275
5/11/2015,108.1275
5/12/2015,108.1275
5/13/2015,108.1275
5/14/2015,108.1275
5/15/2015,108.1275
5/16/2015,108.1275
5/17/2015,108.1275
5/18/2015,108.1275
5/19/2015,108.1275
5/20/2015,108.1275
5/21/2015,108.1275
5/22/2015,108.1275
5/23/2015,108.1275
5/24/2015,108.1275
5/25/2015,108.1275
5/26/2015,108.1275
5/27/2015,108.1275
5/28/2015,108.1275
5/29/2015,108.1275
5/30/2015,108.1275
5/31/2015,108.1275
6/1/2015,108.6786
6/2/2015,108.6786
6/3/2015,108.6786
6/4/2015,108.6786
6/5/2015,108.6786
6/6/2015,108.6786
6/7/2015,108.6786
6/8/2015,108.6786
6/9/2015,108.6786
6/10/2015,108.6786
6/11/2015,108.6786
6/12/2015,108.6786
6/13/2015,108.6786
6/14/2015,108.6786
6/15/2015,108.6786
6/16/2015,108.6786
6/17/2015,108.6786
6/18/2015,108.6786
6/19/2015,108.6786
6/20/2015,108.6786
6/21/2015,108.6786
6/22/2015,108.6786
6/23/2015,108.6786
6/24/2015,108.6786
6/25/2015,108.6786
6/26/2015,108.6786
6/27/2015,108.6786
6/28/2015,108.6786
6/29/2015,108.6786
6/30/2015,108.6786
7/1/2015,109.0593
7/2/2015,109.0593
7/3/2015,109.0593
7/4/2015,109.0593
7/5/2015,109.0593
7/6/2015,109.0593
7/7/2015,109.0593
7/8/2015,109.0593
7/9/2015,109.0593
7/10/2015,109.0593
7/11/2015,109.0593
7/12/2015,109.0593
7/13/2015,109.0593
7/14/2015,109.0593
7/15/2015,109.0593
7/16/2015,109.0593
7/17/2015,109.0593
7/18/2015,109.0593
7/19/2015,109.0593
7/20/2015,109.0593
7/21/2015,109.0593
7/22/2015,109.0593
7/23/2015,109.0593
7/24/2015,109.0593
7/25/2015,109.0593
7/26/2015,109.0593
7/27/2015,109.0593
7/28/2015,109.0593
7/29/2015,109.0593
7/30/2015,109.0593
7/31/2015,109.0593
8/1/2015,109.0666
8/2/2015,109.0666
8/3/2015,109.0666
8/4/2015,109.0666
8/5/2015,109.0666
8/6/2015,109.0666
8/7/2015,109.0666
8/8/2015,109.0666
8/9/2015,109.0666
8/10/2015,109.0666
8/11/2015,109.0666
8/12/2015,109.0666
8/13/2015,109.0666
8/14/2015,109.0666
8/15/2015,109.0666
8/16/2015,109.0666
8/17/2015,109.0666
8/18/2015,109.0666
8/19/2015,109.0666
8/20/2015,109.0666
8/21/2015,109.0666
8/22/2015,109.0666
8/23/2015,109.0666
8/24/2015,109.0666
8/25/2015,109.0666
8/26/2015,109.0666
8/27/2015,109.0666
8/28/2015,109.0666
8/29/2015,109.0666
8/30/2015,109.0666
8/31/2015,109.0666
9/1/2015,108.9121
9/2/2015,108.9121
9/3/2015,108.9121
9/4/2015,108.9121
9/5/2015,108.9121
9/6/2015,108.9121
9/7/2015,108.9121
9/8/2015,108.9121
9/9/2015,108.9121
9/10/2015,108.9121
9/11/2015,108.9121
9/12/2015,108.9121
9/13/2015,108.9121
9/14/2015,108.9121
9/15/2015,108.9121
9/16/2015,108.9121
9/17/2015,108.9121
9/18/2015,108.9121
9/19/2015,108.9121
9/20/2015,108.9121
9/21/2015,108.9121
9/22/2015,108.9121
9/23/2015,108.9121
9/24/2015,108.9121
9/25/2015,108.9121
9/26/2015,108.9121
9/27/2015,108.9121
9/28/2015,108.9121
9/29/2015,108.9121
9/30/2015,108.9121
10/1/2015,108.7426
10/2/2015,108.7426
10/3/2015,108.7426
10/4/2015,108.7426
10/5/2015,108.7426
10/6/2015,108.7426
10/7/2015,108.7426
10/8/2015,108.7426
10/9/2015,108.7426
10/10/2015,108.7426
10/11/2015,108.7426
10/12/2015,108.7426
10/13/2015,108.7426
10/14/2015,108.7426
10/15/2015,108.7426
10/16/2015,108.7426
10/17/2015,108.7426
10/18/2015,108.7426
10/19/2015,108.7426
10/20/2015,108.7426
10/21/2015,108.7426
10/22/2015,108.7426
10/23/2015,108.7426
10/24/2015,108.7426
10/25/2015,108.7426
10/26/2015,108.7426
10/27/2015,108.7426
10/28/2015,108.7426
10/29/2015,108.7426
10/30/2015,108.7426
10/31/2015,108.7426
11/1/2015,108.6937
11/2/2015,108.6937
11/3/2015,108.6937
11/4/2015,108.6937
11/5/2015,108.6937
11/6/2015,108.6937
11/7/2015,108.6937
11/8/2015,108.6937
11/9/2015,108.6937
11/10/2015,108.6937
11/11/2015,108.6937
11/12/2015,108.6937
11/13/2015,108.6937
11/14/2015,108.6937
11/15/2015,108.6937
11/16/2015,108.6937
11/17/2015,108.6937
11/18/2015,108.6937
11/19/2015,108.6937
11/20/2015,108.6937
11/21/2015,108.6937
11/22/2015,108.6937
11/23/2015,108.6937
11/24/2015,108.6937
11/25/2015,108.6937
11/26/2015,108.6937
11/27/2015,108.6937
11/28/2015,108.6937
11/29/2015,108.6937
11/30/2015,108.6937
12/1/2015,108.4643
12/2/2015,108.4643
12/3/2015,108.4643
12/4/2015,108.4643
12/5/2015,108.4643
12/6/2015,108.4643
12/7/2015,108.4643
12/8/2015,108.4643
12/9/2015,108.4643
12/10/2015,108.4643
12/11/2015,108.4643
12/12/2015,108.4643
12/13/2015,108.4643
12/14/2015,108.4643
12/15/2015,108.4643
12/16/2015,108.4643
12/17/2015,108.4643
12/18/2015,108.4643
12/19/2015,108.4643
12/20/2015,108.4643
12/21/2015,108.4643
12/22/2015,108.4643
12/23/2015,108.4643
12/24/2015,108.4643
12/25/2015,108.4643
12/26/2015,108.4643
12/27/2015,108.4643
12/28/2015,108.4643
12/29/2015,108.4643
12/30/2015,108.4643
12/31/2015,108.4643
1/1/2016,108.0936
1/2/2016,108.0936
1/3/2016,108.0936
1/4/2016,108.0936
1/5/2016,108.0936
1/6/2016,108.0936
1/7/2016,108.0936
1/8/2016,108.0936
1/9/2016,108.0936
1/10/2016,108.0936
1/11/2016,108.0936
1/12/2016,108.0936
1/13/2016,108.0936
1/14/2016,108.0936
1/15/2016,108.0936
1/16/2016,108.0936
1/17/2016,108.0936
1/18/2016,108.0936
1/19/2016,108.0936
1/20/2016,108.0936
1/21/2016,108.0936
1/22/2016,108.0936
1/23/2016,108.0936
1/24/2016,108.0936
1/25/2016,108.0936
1/26/2016,108.0936
1/27/2016,108.0936
1/28/2016,108.0936
1/29/2016,108.0936
1/30/2016,108.0936
1/31/2016,108.0936
2/1/2016,108.2723
2/2/2016,108.2723
2/3/2016,108.2723
2/4/2016,108.2723
2/5/2016,108.2723
2/6/2016,108.2723
2/7/2016,108.2723
2/8/2016,108.2723
2/9/2016,108.2723
2/10/2016,108.2723
2/11/2016,108.2723
2/12/2016,108.2723
2/13/2016,108.2723
2/14/2016,108.2723
2/15/2016,108.2723
2/16/2016,108.2723
2/17/2016,108.2723
2/18/2016,108.2723
2/19/2016,108.2723
2/20/2016,108.2723
2/21/2016,108.2723
2/22/2016,108.2723
2/23/2016,108.2723
2/24/2016,108.2723
2/25/2016,108.2723
2/26/2016,108.2723
2/27/2016,108.2723
2/28/2016,108.2723
2/29/2016,108.2723
3/1/2016,108.3614
3/2/2016,108.3614
3/3/2016,108.3614
3/4/2016,108.3614
3/5/2016,108.3614
3/6/2016,108.3614
3/7/2016,108.3614
3/8/2016,108.3614
3/9/2016,108.3614
3/10/2016,108.3614
3/11/2016,108.3614
3/12/2016,108.3614
3/13/2016,108.3614
3/14/2016,108.3614
3/15/2016,108.3614
3/16/2016,108.3614
3/17/2016,108.3614
3/18/2016,108.3614
3/19/2016,108.3614
3/20/2016,108.3614
3/21/2016,108.3614
3/22/2016,108.3614
3/23/2016,108.3614
3/24/2016,108.3614
3/25/2016,108.3614
3/26/2016,108.3614
3/27/2016,108.3614
3/28/2016,108.3614
3/29/2016,108.3614
3/30/2016,108.3614
3/31/2016,108.3614
4/1/2016,108.828
4/2/2016,108.828
4/3/2016,108.828
4/4/2016,108.828
4/5/2016,108.828
4/6/2016,108.828
4/7/2016,108.828
4/8/2016,108.828
4/9/2016,108.828
4/10/2016,108.828
4/11/2016,108.828
4/12/2016,108.828
4/13/2016,108.828
4/14/2016,108.828
4/15/2016,108.828
4/16/2016,108.828
4/17/2016,108.828
4/18/2016,108.828
4/19/2016,108.828
4/20/2016,108.828
4/21/2016,108.828
4/22/2016,108.828
4/23/2016,108.828
4/24/2016,108.828
4/25/2016,108.828
4/26/2016,108.828
4/27/2016,108.828
4/28/2016,108.828
4/29/2016,108.828
4/30/2016,108.828
5/1/2016,109.344
5/2/2016,109.344
5/3/2016,109.344
5/4/2016,109.344
5/5/2016,109.344
5/6/2016,109.344
5/7/2016,109.344
5/8/2016,109.344
5/9/2016,109.344
5/10/2016,109.344
5/11/2016,109.344
5/12/2016,109.344
5/13/2016,109.344
5/14/2016,109.344
5/15/2016,109.344
5/16/2016,109.344
5/17/2016,109.344
5/18/2016,109.344
5/19/2016,109.344
5/20/2016,109.344
5/21/2016,109.344
5/22/2016,109.344
5/23/2016,109.344
5/24/2016,109.344
5/25/2016,109.344
5/26/2016,109.344
5/27/2016,109.344
5/28/2016,109.344
5/29/2016,109.344
5/30/2016,109.344
5/31/2016,109.344
6/1/2016,109.7864
6/2/2016,109.7864
6/3/2016,109.7864
6/4/2016,109.7864
6/5/2016,109.7864
6/6/2016,109.7864
6/7/2016,109.7864
6/8/2016,109.7864
6/9/2016,109.7864
6/10/2016,109.7864
6/11/2016,109.7864
6/12/2016,109.7864
6/13/2016,109.7864
6/14/2016,109.7864
6/15/2016,109.7864
6/16/2016,109.7864
6/17/2016,109.7864
6/18/2016,109.7864
6/19/2016,109.7864
6/20/2016,109.7864
6/21/2016,109.7864
6/22/2016,109.7864
6/23/2016,109.7864
6/24/2016,109.7864
6/25/2016,109.7864
6/26/2016,109.7864
6/27/2016,109.7864
6/28/2016,109.7864
6/29/2016,109.7864
6/30/2016,109.7864
7/1/2016,110.147
7/2/2016,110.147
7/3/2016,110.147
7/4/2016,110.147
7/5/2016,110.147
7/6/2016,110.147
7/7/2016,110.147
7/8/2016,110.147
7/9/2016,110.147
7/10/2016,110.147
7/11/2016,110.147
7/12/2016,110.147
7/13/2016,110.147
7/14/2016,110.147
7/15/2016,110.147
7/16/2016,110.147
7/17/2016,110.147
7/18/2016,110.147
7/19/2016,110.147
7/20/2016,110.147
7/21/2016,110.147
7/22/2016,110.147
7/23/2016,110.147
7/24/2016,110.147
7/25/2016,110.147
7/26/2016,110.147
7/27/2016,110.147
7/28/2016,110.147
7/29/2016,110.147
7/30/2016,110.147
7/31/2016,110.147
8/1/2016,109.9687
8/2/2016,109.9687
8/3/2016,109.9687
8/4/2016,109.9687
8/5/2016,109.9687
8/6/2016,109.9687
8/7/2016,109.9687
8/8/2016,109.9687
8/9/2016,109.9687
8/10/2016,109.9687
8/11/2016,109.9687
8/12/2016,109.9687
8/13/2016,109.9687
8/14/2016,109.9687
8/15/2016,109.9687
8/16/2016,109.9687
8/17/2016,109.9687
8/18/2016,109.9687
8/19/2016,109.9687
8/20/2016,109.9687
8/21/2016,109.9687
8/22/2016,109.9687
8/23/2016,109.9687
8/24/2016,109.9687
8/25/2016,109.9687
8/26/2016,109.9687
8/27/2016,109.9687
8/28/2016,109.9687
8/29/2016,109.9687
8/30/2016,109.9687
8/31/2016,109.9687
9/1/2016,110.0697
9/2/2016,110.0697
9/3/2016,110.0697
9/4/2016,110.0697
9/5/2016,110.0697
9/6/2016,110.0697
9/7/2016,110.0697
9/8/2016,110.0697
9/9/2016,110.0697
9/10/2016,110.0697
9/11/2016,110.0697
9/12/2016,110.0697
9/13/2016,110.0697
9/14/2016,110.0697
9/15/2016,110.0697
9/16/2016,110.0697
9/17/2016,110.0697
9/18/2016,110.0697
9/19/2016,110.0697
9/20/2016,110.0697
9/21/2016,110.0697
9/22/2016,110.0697
9/23/2016,110.0697
9/24/2016,110.0697
9/25/2016,110.0697
9/26/2016,110.0697
9/27/2016,110.0697
9/28/2016,110.0697
9/29/2016,110.0697
9/30/2016,110.0697
10/1/2016,110.3343
10/2/2016,110.3343
10/3/2016,110.3343
10/4/2016,110.3343
10/5/2016,110.3343
10/6/2016,110.3343
10/7/2016,110.3343
10/8/2016,110.3343
10/9/2016,110.3343
10/10/2016,110.3343
10/11/2016,110.3343
10/12/2016,110.3343
10/13/2016,110.3343
10/14/2016,110.3343
10/15/2016,110.3343
10/16/2016,110.3343
10/17/2016,110.3343
10/18/2016,110.3343
10/19/2016,110.3343
10/20/2016,110.3343
10/21/2016,110.3343
10/22/2016,110.3343
10/23/2016,110.3343
10/24/2016,110.3343
10/25/2016,110.3343
10/26/2016,110.3343
10/27/2016,110.3343
10/28/2016,110.3343
10/29/2016,110.3343
10/30/2016,110.3343
10/31/2016,110.3343
11/1/2016,110.4719
11/2/2016,110.4719
11/3/2016,110.4719
11/4/2016,110.4719
11/5/2016,110.4719
11/6/2016,110.4719
11/7/2016,110.4719
11/8/2016,110.4719
11/9/2016,110.4719
11/10/2016,110.4719
11/11/2016,110.4719
11/12/2016,110.4719
11/13/2016,110.4719
11/14/2016,110.4719
11/15/2016,110.4719
11/16/2016,110.4719
11/17/2016,110.4719
11/18/2016,110.4719
11/19/2016,110.4719
11/20/2016,110.4719
11/21/2016,110.4719
11/22/2016,110.4719
11/23/2016,110.4719
11/24/2016,110.4719
11/25/2016,110.4719
11/26/2016,110.4719
11/27/2016,110.4719
11/28/2016,110.4719
11/29/2016,110.4719
11/30/2016,110.4719
12/1/2016,110.3001
12/2/2016,110.3001
12/3/2016,110.3001
12/4/2016,110.3001
12/5/2016,110.3001
12/6/2016,110.3001
12/7/2016,110.3001
12/8/2016,110.3001
12/9/2016,110.3001
12/10/2016,110.3001
12/11/2016,110.3001
12/12/2016,110.3001
12/13/2016,110.3001
12/14/2016,110.3001
12/15/2016,110.3001
12/16/2016,110.3001
12/17/2016,110.3001
12/18/2016,110.3001
12/19/2016,110.3001
12/20/2016,110.3001
12/21/2016,110.3001
12/22/2016,110.3001
12/23/2016,110.3001
12/24/2016,110.3001
12/25/2016,110.3001
12/26/2016,110.3001
12/27/2016,110.3001
12/28/2016,110.3001
12/29/2016,110.3001
12/30/2016,110.3001
12/31/2016,110.3001
1/1/2017,110.3362
1/2/2017,110.3362
1/3/2017,110.3362
1/4/2017,110.3362
1/5/2017,110.3362
1/6/2017,110.3362
1/7/2017,110.3362
1/8/2017,110.3362
1/9/2017,110.3362
1/10/2017,110.3362
1/11/2017,110.3362
1/12/2017,110.3362
1/13/2017,110.3362
1/14/2017,110.3362
1/15/2017,110.3362
1/16/2017,110.3362
1/17/2017,110.3362
1/18/2017,110.3362
1/19/2017,110.3362
1/20/2017,110.3362
1/21/2017,110.3362
1/22/2017,110.3362
1/23/2017,110.3362
1/24/2017,110.3362
1/25/2017,110.3362
1/26/2017,110.3362
1/27/2017,110.3362
1/28/2017,110.3362
1/29/2017,110.3362
1/30/2017,110.3362
1/31/2017,110.3362
2/1/2017,110.9792
2/2/2017,110.9792
2/3/2017,110.9792
2/4/2017,110.9792
2/5/2017,110.9792
2/6/2017,110.9792
2/7/2017,110.9792
2/8/2017,110.9792
2/9/2017,110.9792
2/10/2017,110.9792
2/11/2017,110.9792
2/12/2017,110.9792
2/13/2017,110.9792
2/14/2017,110.9792
2/15/2017,110.9792
2/16/2017,110.9792
2/17/2017,110.9792
2/18/2017,110.9792
2/19/2017,110.9792
2/20/2017,110.9792
2/21/2017,110.9792
2/22/2017,110.9792
2/23/2017,110.9792
2/24/2017,110.9792
2/25/2017,110.9792
2/26/2017,110.9792
2/27/2017,110.9792
2/28/2017,110.9792
3/1/2017,111.3283
3/2/2017,111.3283
3/3/2017,111.3283
3/4/2017,111.3283
3/5/2017,111.3283
3/6/2017,111.3283
3/7/2017,111.3283
3/8/2017,111.3283
3/9/2017,111.3283
3/10/2017,111.3283
3/11/2017,111.3283
3/12/2017,111.3283
3/13/2017,111.3283
3/14/2017,111.3283
3/15/2017,111.3283
3/16/2017,111.3283
3/17/2017,111.3283
3/18/2017,111.3283
3/19/2017,111.3283
3/20/2017,111.3283
3/21/2017,111.3283
3/22/2017,111.3283
3/23/2017,111.3283
3/24/2017,111.3283
3/25/2017,111.3283
3/26/2017,111.3283
3/27/2017,111.3283
3/28/2017,111.3283
3/29/2017,111.3283
3/30/2017,111.3283
3/31/2017,111.3283
4/1/2017,111.4188
4/2/2017,111.4188
4/3/2017,111.4188
4/4/2017,111.4188
4/5/2017,111.4188
4/6/2017,111.4188
4/7/2017,111.4188
4/8/2017,111.4188
4/9/2017,111.4188
4/10/2017,111.4188
4/11/2017,111.4188
4/12/2017,111.4188
4/13/2017,111.4188
4/14/2017,111.4188
4/15/2017,111.4188
4/16/2017,111.4188
4/17/2017,111.4188
4/18/2017,111.4188
4/19/2017,111.4188
4/20/2017,111.4188
4/21/2017,111.4188
4/22/2017,111.4188
4/23/2017,111.4188
4/24/2017,111.4188
4/25/2017,111.4188
4/26/2017,111.4188
4/27/2017,111.4188
4/28/2017,111.4188
4/29/2017,111.4188
4/30/2017,111.4188
5/1/2017,111.7492
5/2/2017,111.7492
5/3/2017,111.7492
5/4/2017,111.7492
5/5/2017,111.7492
5/6/2017,111.7492
5/7/2017,111.7492
5/8/2017,111.7492
5/9/2017,111.7492
5/10/2017,111.7492
5/11/2017,111.7492
5/12/2017,111.7492
5/13/2017,111.7492
5/14/2017,111.7492
5/15/2017,111.7492
5/16/2017,111.7492
5/17/2017,111.7492
5/18/2017,111.7492
5/19/2017,111.7492
5/20/2017,111.7492
5/21/2017,111.7492
5/22/2017,111.7492
5/23/2017,111.7492
5/24/2017,111.7492
5/25/2017,111.7492
5/26/2017,111.7492
5/27/2017,111.7492
5/28/2017,111.7492
5/29/2017,111.7492
5/30/2017,111.7492
5/31/2017,111.7492
6/1/2017,111.8447
6/2/2017,111.8447
6/3/2017,111.8447
6/4/2017,111.8447
6/5/2017,111.8447
6/6/2017,111.8447
6/7/2017,111.8447
6/8/2017,111.8447
6/9/2017,111.8447
6/10/2017,111.8447
6/11/2017,111.8447
6/12/2017,111.8447
6/13/2017,111.8447
6/14/2017,111.8447
6/15/2017,111.8447
6/16/2017,111.8447
6/17/2017,111.8447
6/18/2017,111.8447
6/19/2017,111.8447
6/20/2017,111.8447
6/21/2017,111.8447
6/22/2017,111.8447
6/23/2017,111.8447
6/24/2017,111.8447
6/25/2017,111.8447
6/26/2017,111.8447
6/27/2017,111.8447
6/28/2017,111.8447
6/29/2017,111.8447
6/30/2017,111.8447
7/1/2017,111.9462
7/2/2017,111.9462
7/3/2017,111.9462
7/4/2017,111.9462
7/5/2017,111.9462
7/6/2017,111.9462
7/7/2017,111.9462
7/8/2017,111.9462
7/9/2017,111.9462
7/10/2017,111.9462
7/11/2017,111.9462
7/12/2017,111.9462
7/13/2017,111.9462
7/14/2017,111.9462
7/15/2017,111.9462
7/16/2017,111.9462
7/17/2017,111.9462
7/18/2017,111.9462
7/19/2017,111.9462
7/20/2017,111.9462
7/21/2017,111.9462
7/22/2017,111.9462
7/23/2017,111.9462
7/24/2017,111.9462
7/25/2017,111.9462
7/26/2017,111.9462
7/27/2017,111.9462
7/28/2017,111.9462
7/29/2017,111.9462
7/30/2017,111.9462
7/31/2017,111.9462
8/1/2017,111.869
8/2/2017,111.869
8/3/2017,111.869
8/4/2017,111.869
8/5/2017,111.869
8/6/2017,111.869
8/7/2017,111.869
8/8/2017,111.869
8/9/2017,111.869
8/10/2017,111.869
8/11/2017,111.869
8/12/2017,111.869
8/13/2017,111.869
8/14/2017,111.869
8/15/2017,111.869
8/16/2017,111.869
8/17/2017,111.869
8/18/2017,111.869
8/19/2017,111.869
8/20/2017,111.869
8/21/2017,111.869
8/22/2017,111.869
8/23/2017,111.869
8/24/2017,111.869
8/25/2017,111.869
8/26/2017,111.869
8/27/2017,111.869
8/28/2017,111.869
8/29/2017,111.869
8/30/2017,111.869
8/31/2017,111.869
9/1/2017,112.2039
9/2/2017,112.2039
9/3/2017,112.2039
9/4/2017,112.2039
9/5/2017,112.2039
9/6/2017,112.2039
9/7/2017,112.2039
9/8/2017,112.2039
9/9/2017,112.2039
9/10/2017,112.2039
9/11/2017,112.2039
9/12/2017,112.2039
9/13/2017,112.2039
9/14/2017,112.2039
9/15/2017,112.2039
9/16/2017,112.2039
9/17/2017,112.2039
9/18/2017,112.2039
9/19/2017,112.2039
9/20/2017,112.2039
9/21/2017,112.2039
9/22/2017,112.2039
9/23/2017,112.2039
9/24/2017,112.2039
9/25/2017,112.2039
9/26/2017,112.2039
9/27/2017,112.2039
9/28/2017,112.2039
9/29/2017,112.2039
9/30/2017,112.2039
10/1/2017,112.798
10/2/2017,112.798
10/3/2017,112.798
10/4/2017,112.798
10/5/2017,112.798
10/6/2017,112.798
10/7/2017,112.798
10/8/2017,112.798
10/9/2017,112.798
10/10/2017,112.798
10/11/2017,112.798
10/12/2017,112.798
10/13/2017,112.798
10/14/2017,112.798
10/15/2017,112.798
10/16/2017,112.798
10/17/2017,112.798
10/18/2017,112.798
10/19/2017,112.798
10/20/2017,112.798
10/21/2017,112.798
10/22/2017,112.798
10/23/2017,112.798
10/24/2017,112.798
10/25/2017,112.798
10/26/2017,112.798
10/27/2017,112.798
10/28/2017,112.798
10/29/2017,112.798
10/30/2017,112.798
10/31/2017,112.798
11/1/2017,112.7268
11/2/2017,112.7268
11/3/2017,112.7268
11/4/2017,112.7268
11/5/2017,112.7268
11/6/2017,112.7268
11/7/2017,112.7268
11/8/2017,112.7268
11/9/2017,112.7268
11/10/2017,112.7268
11/11/2017,112.7268
11/12/2017,112.7268
11/13/2017,112.7268
11/14/2017,112.7268
11/15/2017,112.7268
11/16/2017,112.7268
11/17/2017,112.7268
11/18/2017,112.7268
11/19/2017,112.7268
11/20/2017,112.7268
11/21/2017,112.7268
11/22/2017,112.7268
11/23/2017,112.7268
11/24/2017,112.7268
11/25/2017,112.7268
11/26/2017,112.7268
11/27/2017,112.7268
11/28/2017,112.7268
11/29/2017,112.7268
11/30/2017,112.7268
12/1/2017,112.7295
12/2/2017,112.7295
12/3/2017,112.7295
12/4/2017,112.7295
12/5/2017,112.7295
12/6/2017,112.7295
12/7/2017,112.7295
12/8/2017,112.7295
12/9/2017,112.7295
12/10/2017,112.7295
12/11/2017,112.7295
12/12/2017,112.7295
12/13/2017,112.7295
12/14/2017,112.7295
12/15/2017,112.7295
12/16/2017,112.7295
12/17/2017,112.7295
12/18/2017,112.7295
12/19/2017,112.7295
12/20/2017,112.7295
12/21/2017,112.7295
12/22/2017,112.7295
12/23/2017,112.7295
12/24/2017,112.7295
12/25/2017,112.7295
12/26/2017,112.7295
12/27/2017,112.7295
12/28/2017,112.7295
12/29/2017,112.7295
12/30/2017,112.7295
12/31/2017,112.7295
1/1/2018,112.6632
1/2/2018,112.6632
1/3/2018,112.6632
1/4/2018,112.6632
1/5/2018,112.6632
1/6/2018,112.6632
1/7/2018,112.6632
1/8/2018,112.6632
1/9/2018,112.6632
1/10/2018,112.6632
1/11/2018,112.6632
1/12/2018,112.6632
1/13/2018,112.6632
1/14/2018,112.6632
1/15/2018,112.6632
1/16/2018,112.6632
1/17/2018,112.6632
1/18/2018,112.6632
1/19/2018,112.6632
1/20/2018,112.6632
1/21/2018,112.6632
1/22/2018,112.6632
1/23/2018,112.6632
1/24/2018,112.6632
1/25/2018,112.6632
1/26/2018,112.6632
1/27/2018,112.6632
1/28/2018,112.6632
1/29/2018,112.6632
1/30/2018,112.6632
1/31/2018,112.6632
2/1/2018,113.277
2/2/2018,113.277
2/3/2018,113.277
2/4/2018,113.277
2/5/2018,113.277
2/6/2018,113.277
2/7/2018,113.277
2/8/2018,113.277
2/9/2018,113.277
2/10/2018,113.277
2/11/2018,113.277
2/12/2018,113.277
2/13/2018,113.277
2/14/2018,113.277
2/15/2018,113.277
2/16/2018,113.277
2/17/2018,113.277
2/18/2018,113.277
2/19/2018,113.277
2/20/2018,113.277
2/21/2018,113.277
2/22/2018,113.277
2/23/2018,113.277
2/24/2018,113.277
2/25/2018,113.277
2/26/2018,113.277
2/27/2018,113.277
2/28/2018,113.277
3/1/2018,113.7907
3/2/2018,113.7907
3/3/2018,113.7907
3/4/2018,113.7907
3/5/2018,113.7907
3/6/2018,113.7907
3/7/2018,113.7907
3/8/2018,113.7907
3/9/2018,113.7907
3/10/2018,113.7907
3/11/2018,113.7907
3/12/2018,113.7907
3/13/2018,113.7907
3/14/2018,113.7907
3/15/2018,113.7907
3/16/2018,113.7907
3/17/2018,113.7907
3/18/2018,113.7907
3/19/2018,113.7907
3/20/2018,113.7907
3/21/2018,113.7907
3/22/2018,113.7907
3/23/2018,113.7907
3/24/2018,113.7907
3/25/2018,113.7907
3/26/2018,113.7907
3/27/2018,113.7907
3/28/2018,113.7907
3/29/2018,113.7907
3/30/2018,113.7907
3/31/2018,113.7907
4/1/2018,114.048
4/2/2018,114.048
4/3/2018,114.048
4/4/2018,114.048
4/5/2018,114.048
4/6/2018,114.048
4/7/2018,114.048
4/8/2018,114.048
4/9/2018,114.048
4/10/2018,114.048
4/11/2018,114.048
4/12/2018,114.048
4/13/2018,114.048
4/14/2018,114.048
4/15/2018,114.048
4/16/2018,114.048
4/17/2018,114.048
4/18/2018,114.048
4/19/2018,114.048
4/20/2018,114.048
4/21/2018,114.048
4/22/2018,114.048
4/23/2018,114.048
4/24/2018,114.048
4/25/2018,114.048
4/26/2018,114.048
4/27/2018,114.048
4/28/2018,114.048
4/29/2018,114.048
4/30/2018,114.048
5/1/2018,114.5013
5/2/2018,114.5013
5/3/2018,114.5013
5/4/2018,114.5013
5/5/2018,114.5013
5/6/2018,114.5013
5/7/2018,114.5013
5/8/2018,114.5013
5/9/2018,114.5013
5/10/2018,114.5013
5/11/2018,114.5013
5/12/2018,114.5013
5/13/2018,114.5013
5/14/2018,114.5013
5/15/2018,114.5013
5/16/2018,114.5013
5/17/2018,114.5013
5/18/2018,114.5013
5/19/2018,114.5013
5/20/2018,114.5013
5/21/2018,114.5013
5/22/2018,114.5013
5/23/2018,114.5013
5/24/2018,114.5013
5/25/2018,114.5013
5/26/2018,114.5013
5/27/2018,114.5013
5/28/2018,114.5013
5/29/2018,114.5013
5/30/2018,114.5013
5/31/2018,114.5013
6/1/2018,114.9775
6/2/2018,114.9775
6/3/2018,114.9775
6/4/2018,114.9775
6/5/2018,114.9775
6/6/2018,114.9775
6/7/2018,114.9775
6/8/2018,114.9775
6/9/2018,114.9775
6/10/2018,114.9775
6/11/2018,114.9775
6/12/2018,114.9775
6/13/2018,114.9775
6/14/2018,114.9775
6/15/2018,114.9775
6/16/2018,114.9775
6/17/2018,114.9775
6/18/2018,114.9775
6/19/2018,114.9775
6/20/2018,114.9775
6/21/2018,114.9775
6/22/2018,114.9775
6/23/2018,114.9775
6/24/2018,114.9775
6/25/2018,114.9775
6/26/2018,114.9775
6/27/2018,114.9775
6/28/2018,114.9775
6/29/2018,114.9775
6/30/2018,114.9775
7/1/2018,115.1608
7/2/2018,115.1608
7/3/2018,115.1608
7/4/2018,115.1608
7/5/2018,115.1608
7/6/2018,115.1608
7/7/2018,115.1608
7/8/2018,115.1608
7/9/2018,115.1608
7/10/2018,115.1608
7/11/2018,115.1608
7/12/2018,115.1608
7/13/2018,115.1608
7/14/2018,115.1608
7/15/2018,115.1608
7/16/2018,115.1608
7/17/2018,115.1608
7/18/2018,115.1608
7/19/2018,115.1608
7/20/2018,115.1608
7/21/2018,115.1608
7/22/2018,115.1608
7/23/2018,115.1608
7/24/2018,115.1608
7/25/2018,115.1608
7/26/2018,115.1608
7/27/2018,115.1608
7/28/2018,115.1608
7/29/2018,115.1608
7/30/2018,115.1608
7/31/2018,115.1608
8/1/2018,115.1685
8/2/2018,115.1685
8/3/2018,115.1685
8/4/2018,115.1685
8/5/2018,115.1685
8/6/2018,115.1685
8/7/2018,115.1685
8/8/2018,115.1685
8/9/2018,115.1685
8/10/2018,115.1685
8/11/2018,115.1685
8/12/2018,115.1685
8/13/2018,115.1685
8/14/2018,115.1685
8/15/2018,115.1685
8/16/2018,115.1685
8/17/2018,115.1685
8/18/2018,115.1685
8/19/2018,115.1685
8/20/2018,115.1685
8/21/2018,115.1685
8/22/2018,115.1685
8/23/2018,115.1685
8/24/2018,115.1685
8/25/2018,115.1685
8/26/2018,115.1685
8/27/2018,115.1685
8/28/2018,115.1685
8/29/2018,115.1685
8/30/2018,115.1685
8/31/2018,115.1685
9/1/2018,115.2325
9/2/2018,115.2325
9/3/2018,115.2325
9/4/2018,115.2325
9/5/2018,115.2325
9/6/2018,115.2325
9/7/2018,115.2325
9/8/2018,115.2325
9/9/2018,115.2325
9/10/2018,115.2325
9/11/2018,115.2325
9/12/2018,115.2325
9/13/2018,115.2325
9/14/2018,115.2325
9/15/2018,115.2325
9/16/2018,115.2325
9/17/2018,115.2325
9/18/2018,115.2325
9/19/2018,115.2325
9/20/2018,115.2325
9/21/2018,115.2325
9/22/2018,115.2325
9/23/2018,115.2325
9/24/2018,115.2325
9/25/2018,115.2325
9/26/2018,115.2325
9/27/2018,115.2325
9/28/2018,115.2325
9/29/2018,115.2325
9/30/2018,115.2325
10/1/2018,115.3664
10/2/2018,115.3664
10/3/2018,115.3664
10/4/2018,115.3664
10/5/2018,115.3664
10/6/2018,115.3664
10/7/2018,115.3664
10/8/2018,115.3664
10/9/2018,115.3664
10/10/2018,115.3664
10/11/2018,115.3664
10/12/2018,115.3664
10/13/2018,115.3664
10/14/2018,115.3664
10/15/2018,115.3664
10/16/2018,115.3664
10/17/2018,115.3664
10/18/2018,115.3664
10/19/2018,115.3664
10/20/2018,115.3664
10/21/2018,115.3664
10/22/2018,115.3664
10/23/2018,115.3664
10/24/2018,115.3664
10/25/2018,115.3664
10/26/2018,115.3664
10/27/2018,115.3664
10/28/2018,115.3664
10/29/2018,115.3664
10/30/2018,115.3664
10/31/2018,115.3664
11/1/2018,115.5703
11/2/2018,115.5703
11/3/2018,115.5703
11/4/2018,115.5703
11/5/2018,115.5703
11/6/2018,115.5703
11/7/2018,115.5703
11/8/2018,115.5703
11/9/2018,115.5703
11/10/2018,115.5703
11/11/2018,115.5703
11/12/2018,115.5703
11/13/2018,115.5703
11/14/2018,115.5703
11/15/2018,115.5703
11/16/2018,115.5703
11/17/2018,115.5703
11/18/2018,115.5703
11/19/2018,115.5703
11/20/2018,115.5703
11/21/2018,115.5703
11/22/2018,115.5703
11/23/2018,115.5703
11/24/2018,115.5703
11/25/2018,115.5703
11/26/2018,115.5703
11/27/2018,115.5703
11/28/2018,115.5703
11/29/2018,115.5703
11/30/2018,115.5703
12/1/2018,115.1832
12/2/2018,115.1832
12/3/2018,115.1832
12/4/2018,115.1832
12/5/2018,115.1832
12/6/2018,115.1832
12/7/2018,115.1832
12/8/2018,115.1832
12/9/2018,115.1832
12/10/2018,115.1832
12/11/2018,115.1832
12/12/2018,115.1832
12/13/2018,115.1832
12/14/2018,115.1832
12/15/2018,115.1832
12/16/2018,115.1832
12/17/2018,115.1832
12/18/2018,115.1832
12/19/2018,115.1832
12/20/2018,115.1832
12/21/2018,115.1832
12/22/2018,115.1832
12/23/2018,115.1832
12/24/2018,115.1832
12/25/2018,115.1832
12/26/2018,115.1832
12/27/2018,115.1832
12/28/2018,115.1832
12/29/2018,115.1832
12/30/2018,115.1832
12/31/2018,115.1832
1/1/2019,114.8153
1/2/2019,114.8153
1/3/2019,114.8153
1/4/2019,114.8153
1/5/2019,114.8153
1/6/2019,114.8153
1/7/2019,114.8153
1/8/2019,114.8153
1/9/2019,114.8153
1/10/2019,114.8153
1/11/2019,114.8153
1/12/2019,114.8153
1/13/2019,114.8153
1/14/2019,114.8153
1/15/2019,114.8153
1/16/2019,114.8153
1/17/2019,114.8153
1/18/2019,114.8153
1/19/2019,114.8153
1/20/2019,114.8153
1/21/2019,114.8153
1/22/2019,114.8153
1/23/2019,114.8153
1/24/2019,114.8153
1/25/2019,114.8153
1/26/2019,114.8153
1/27/2019,114.8153
1/28/2019,114.8153
1/29/2019,114.8153
1/30/2019,114.8153
1/31/2019,114.8153
2/1/2019,115.0342
2/2/2019,115.0342
2/3/2019,115.0342
2/4/2019,115.0342
2/5/2019,115.0342
2/6/2019,115.0342
2/7/2019,115.0342
2/8/2019,115.0342
2/9/2019,115.0342
2/10/2019,115.0342
2/11/2019,115.0342
2/12/2019,115.0342
2/13/2019,115.0342
2/14/2019,115.0342
2/15/2019,115.0342
2/16/2019,115.0342
2/17/2019,115.0342
2/18/2019,115.0342
2/19/2019,115.0342
2/20/2019,115.0342
2/21/2019,115.0342
2/22/2019,115.0342
2/23/2019,115.0342
2/24/2019,115.0342
2/25/2019,115.0342
2/26/2019,115.0342
2/27/2019,115.0342
2/28/2019,115.0342
3/1/2019,115.5204
3/2/2019,115.5204
3/3/2019,115.5204
3/4/2019,115.5204
3/5/2019,115.5204
3/6/2019,115.5204
3/7/2019,115.5204
3/8/2019,115.5204
3/9/2019,115.5204
3/10/2019,115.5204
3/11/2019,115.5204
3/12/2019,115.5204
3/13/2019,115.5204
3/14/2019,115.5204
3/15/2019,115.5204
3/16/2019,115.5204
3/17/2019,115.5204
3/18/2019,115.5204
3/19/2019,115.5204
3/20/2019,115.5204
3/21/2019,115.5204
3/22/2019,115.5204
3/23/2019,115.5204
3/24/2019,115.5204
3/25/2019,115.5204
3/26/2019,115.5204
3/27/2019,115.5204
3/28/2019,115.5204
3/29/2019,115.5204
3/30/2019,115.5204
3/31/2019,115.5204
4/1/2019,116.1721
4/2/2019,116.1721
4/3/2019,116.1721
4/4/2019,116.1721
4/5/2019,116.1721
4/6/2019,116.1721
4/7/2019,116.1721
4/8/2019,116.1721
4/9/2019,116.1721
4/10/2019,116.1721
4/11/2019,116.1721
4/12/2019,116.1721
4/13/2019,116.1721
4/14/2019,116.1721
4/15/2019,116.1721
4/16/2019,116.1721
4/17/2019,116.1721
4/18/2019,116.1721
4/19/2019,116.1721
4/20/2019,116.1721
4/21/2019,116.1721
4/22/2019,116.1721
4/23/2019,116.1721
4/24/2019,116.1721
4/25/2019,116.1721
4/26/2019,116.1721
4/27/2019,116.1721
4/28/2019,116.1721
4/29/2019,116.1721
4/30/2019,116.1721
5/1/2019,116.7873
5/2/2019,116.7873
5/3/2019,116.7873
5/4/2019,116.7873
5/5/2019,116.7873
5/6/2019,116.7873
5/7/2019,116.7873
5/8/2019,116.7873
5/9/2019,116.7873
5/10/2019,116.7873
5/11/2019,116.7873
5/12/2019,116.7873
5/13/2019,116.7873
5/14/2019,116.7873
5/15/2019,116.7873
5/16/2019,116.7873
5/17/2019,116.7873
5/18/2019,116.7873
5/19/2019,116.7873
5/20/2019,116.7873
5/21/2019,116.7873
5/22/2019,116.7873
5/23/2019,116.7873
5/24/2019,116.7873
5/25/2019,116.7873
5/26/2019,116.7873
5/27/2019,116.7873
5/28/2019,116.7873
5/29/2019,116.7873
5/30/2019,116.7873
5/31/2019,116.7873
6/1/2019,117.0359
6/2/2019,117.0359
6/3/2019,117.0359
6/4/2019,117.0359
6/5/2019,117.0359
6/6/2019,117.0359
6/7/2019,117.0359
6/8/2019,117.0359
6/9/2019,117.0359
6/10/2019,117.0359
6/11/2019,117.0359
6/12/2019,117.0359
6/13/2019,117.0359
6/14/2019,117.0359
6/15/2019,117.0359
6/16/2019,117.0359
6/17/2019,117.0359
6/18/2019,117.0359
6/19/2019,117.0359
6/20/2019,117.0359
6/21/2019,117.0359
6/22/2019,117.0359
6/23/2019,117.0359
6/24/2019,117.0359
6/25/2019,117.0359
6/26/2019,117.0359
6/27/2019,117.0359
6/28/2019,117.0359
6/29/2019,117.0359
6/30/2019,117.0359
7/1/2019,117.0592
7/2/2019,117.0592
7/3/2019,117.0592
7/4/2019,117.0592
7/5/2019,117.0592
7/6/2019,117.0592
7/7/2019,117.0592
7/8/2019,117.0592
7/9/2019,117.0592
7/10/2019,117.0592
7/11/2019,117.0592
7/12/2019,117.0592
7/13/2019,117.0592
7/14/2019,117.0592
7/15/2019,117.0592
7/16/2019,117.0592
7/17/2019,117.0592
7/18/2019,117.0592
7/19/2019,117.0592
7/20/2019,117.0592
7/21/2019,117.0592
7/22/2019,117.0592
7/23/2019,117.0592
7/24/2019,117.0592
7/25/2019,117.0592
7/26/2019,117.0592
7/27/2019,117.0592
7/28/2019,117.0592
7/29/2019,117.0592
7/30/2019,117.0592
7/31/2019,117.0592
8/1/2019,117.2548
8/2/2019,117.2548
8/3/2019,117.2548
8/4/2019,117.2548
8/5/2019,117.2548
8/6/2019,117.2548
8/7/2019,117.2548
8/8/2019,117.2548
8/9/2019,117.2548
8/10/2019,117.2548
8/11/2019,117.2548
8/12/2019,117.2548
8/13/2019,117.2548
8/14/2019,117.2548
8/15/2019,117.2548
8/16/2019,117.2548
8/17/2019,117.2548
8/18/2019,117.2548
8/19/2019,117.2548
8/20/2019,117.2548
8/21/2019,117.2548
8/22/2019,117.2548
8/23/2019,117.2548
8/24/2019,117.2548
8/25/2019,117.2548
8/26/2019,117.2548
8/27/2019,117.2548
8/28/2019,117.2548
8/29/2019,117.2548
8/30/2019,117.2548
8/31/2019,117.2548
9/1/2019,117.2488
9/2/2019,117.2488
9/3/2019,117.2488
9/4/2019,117.2488
9/5/2019,117.2488
9/6/2019,117.2488
9/7/2019,117.2488
9/8/2019,117.2488
9/9/2019,117.2488
9/10/2019,117.2488
9/11/2019,117.2488
9/12/2019,117.2488
9/13/2019,117.2488
9/14/2019,117.2488
9/15/2019,117.2488
9/16/2019,117.2488
9/17/2019,117.2488
9/18/2019,117.2488
9/19/2019,117.2488
9/20/2019,117.2488
9/21/2019,117.2488
9/22/2019,117.2488
9/23/2019,117.2488
9/24/2019,117.2488
9/25/2019,117.2488
9/26/2019,117.2488
9/27/2019,117.2488
9/28/2019,117.2488
9/29/2019,117.2488
9/30/2019,117.2488
10/1/2019,117.3407
10/2/2019,
10/3/2019,
10/4/2019,
10/5/2019,
10/6/2019,
10/7/2019,
10/8/2019,
10/9/2019,
10/10/2019,
10/11/2019,
10/12/2019,
10/13/2019,
10/14/2019,
10/15/2019,
10/16/2019,
10/17/2019,
10/18/2019,
10/19/2019,
10/20/2019,
10/21/2019,
10/22/2019,
10/23/2019,
10/24/2019,
10/25/2019,
10/26/2019,
10/27/2019,
10/28/2019,
10/29/2019,
10/30/2019,
10/31/2019,
11/1/2019,
11/2/2019,
11/3/2019,
11/4/2019,
11/5/2019,
